id,date,emotion,intensity,activity,thoughts,category,emotion_type
e90eba30-ff1a-4ffd-91bb-9ae7991c4288,2025-10-10,罪悪感,7,友人の誘いで仕事をずる休み,"今日は仕事だったけど8時ぐらいに友人から電話が来て遊ぼうと言われて仕事行くのがめんどくさくなってしまって初めてずる休みした
 罪悪感があってあまり喜べなかった",仕事・勉強,negative
a9194c1a-90fd-47f8-b228-66fa509e8c19,2025-10-10,平静,5,コロナとインフルの検査,"仮病だけど一応病院に行ってコロナとインフルの検査受けた 
結果はどっちも陰性でそうだろうなと感じだった",運動・健康,neutral
e3db8be2-7cd8-4b41-8934-bc8aeac181e2,2025-10-10,安心,7,友人に別れたことを相談,"友人に別れたことを話した もうどうにもならないので前を見て生きるしかないと言われて確かにそうだなと思って少し気持ちが楽になった 
やっぱり人に話すと大分楽になるな",家族・友人との時間,positive
086cbfab-c712-42f2-aa3c-1eeb6d1978e2,2025-10-10,喜び,8, NISA投資の確認,"NISAで1万円入金していて金額が154円増えていた 
めっちゃ少ない金額だけど何もせずに増えたって考えたらすごくうれしかった 
NISAの金額増やしたくなった",その他,positive
485e42cf-e37d-4d5c-b744-f9e0b03f93b6,2025-10-10,混乱,6,9月の家計簿入力," 9月の家計簿入力した 黒字にはなったけどイヤフォン、靴、アプリ課金、デートとかいろいろやったのでぎりぎりだった 
もう少し貯金できる金額を増やしていきたい",その他,negative
333b20d6-46a7-42d9-9c5b-0a7cd242c6ae,2025-10-10,満足,7,家計簿アプリに資産管理機能追加,"家計簿アプリに資産管理の項目を追加した
 これで証券と銀行の残高をまとめて管理できるようになってモチベも上がると思う",創作活動,positive
90b1189f-258b-40a8-aa55-b8ba3f56b4d7,2025-10-10,満足,8,Claude活用で感情記録の自動分類機能作成,"自己肯定アプリにいつも感情記録をしていたんだけどいつもだったら自分で文章の区切りを見つけてコピーしてAIに聞いていて凄くめんどくさかった 
クロードに文章をまとめて入力して自動で分類してもらう機能を作成してもらった これで入力の手間が減った 凄く満足",創作活動,positive
c610f92b-6773-43c3-851b-86a34fc9a720,2025-10-10,誇り,7,スーパーでの買い出し,スーパー行くのがすごくめんどくさい スーパー買い出し行った 偉すぎる,その他,positive
114202b9-0277-4724-98fc-4cd9f9a58fc4,2025-10-10,誇り,8, 背中の筋トレ,"筋トレもやった 偉すぎる 
めんどくさいに打ち勝っていったのが素晴らしい
 背中のトレーニングをやった 久しぶりにやったのですぐに背中に筋肉痛が来た この調子で頑張っていきたい",運動・健康,positive
8e428aa4-1da3-4252-a3c6-c93f6ec24589,2025-10-10,満足,7, 感情記録アプリの自動分類機能改良,"感情記録アプリ　自動分類機能を改良した 
これで自己肯定アプリの入力の手間が減ったので良かった",創作活動,positive
b57dfd31-7932-44a5-9133-3250bd0c4f6d,2025-10-10,喜び,7,チェンソーマンアニメ視聴,チェンソーマンアニメ見た ポチたが可愛い,趣味・娯楽,positive
37e9ce35-7703-414a-98f7-cee1fbbade3d,2025-10-10,感謝,8,人生の価値観について考える,"幸せを感じる価値観が低いと人生楽しそうだね 
日常のありふれた瞬間をしっかり認識して今生きていることに感謝していきたい
 うまい飯が食えてくだらないことで悩めて命の危機に脅かされることもない 
今の状態が素晴らしいけど人間は欲深い生き物だからさらに求めてしまうんだよな",その他,positive
381fbaf4-4132-47eb-81cb-fb2da319f1d9,2025-10-10,希望,8,やりたいことリスト管理アプリ作成,"自分のやりたいことリストをまとめるアプリを作成した
 毎週1つの初めての体験を記録して、人生を豊かにする ことを目的に作成した 
最近彼女と別れて人生の楽しみがなくなっていたので新しいことにチャレンジして人生に楽しみを取り戻したい
 簡単に作成できたので良かった これを使用して新しいことにどんどんチャレンジしていきたい",創作活動,positive
a62345bc-a6a4-4d40-abf1-0edff0197edb,2025-10-10,平静,6, 冷蔵庫の掃除,"冷蔵庫開けたら鶏むね肉の袋が破れてて汁がこぼれてた 
掃除がめんどくさったけどそこまでネガティブな気持ちにならなかった",その他,neutral
dd4bebcd-5c57-4a2d-885e-de91421e9e0a,2025-10-10,疲労,8, 睡眠に苦戦,全然寝れない きつい ちゃんと寝たい 眠い,休息・リラックス,negative
f0158534-9a26-4e60-8a2f-4cbc88e38df6,2025-10-10,喜び,7,投資信託の確認, 投資信託を見たらプラス338円になってたうれしい,その他,positive
fb6a7780-08c6-409b-98bd-d4a51b104aba,2025-10-10,不安,8,アプリ関係者との電話前の緊張,"アプリの人と電話したくないよ 怖いよ 
初対面の人と話すの緊張するよ 
盛り上がるか不安だよ
 好かれようとしているから緊張しているんだね
 こいつに嫌われてもいいやっていう気持ちでいけばなんとかなるな
 てかなんとかなるか 今までだってなんとかなってきたんだから",家族・友人との時間,negative
f82fd072-87d0-432e-ad10-912d821e259c,2025-10-10,喜び,8,アプリ関係者との電話,電話した なんとかなった 30分話したけど楽しかった 電話終わってから相手から返信来たしいい感じだったと思う 土日休みだからデートでも誘おうかなでもめんどくさい気持ちもある,家族・友人との時間,positive
7351e47c-dd74-4f37-863c-23ecddb0902d,2025-10-10,疲労,6,大規模リリース対応,大規模リリースだった めんどくさかった,仕事・勉強,negative
5151c1fb-e881-4dfa-bc62-ccc3fef707eb,2025-10-10,喜び,8,マッチングアプリでのやりとり,アプリの人で身長が174㎝の人にいいねを送って返ってきた しかも相手からメッセージが来た 女性からメッセージ来るなんて珍しい 嬉しい でも返信考えるのがめんどくさいんだよな,家族・友人との時間,positive
698e550f-1709-4da0-9f54-c7804a5dc102,2025-10-10,楽しさ,9,友人と45分間の電話,友人と45分ぐらい電話した。めっちゃ楽しかったくだらない話、本当に楽しい,家族・友人との時間,positive
f3e5af28-caff-4eb4-9a6a-ded4f43bdc95,2025-10-10,希望,7,データサイエンスの本で勉強,"データサイエンスの本を借りて、少しだけ進めた、この調子でデータを活用して、日々の生活を良くしていきたいと思う
",仕事・勉強,positive
d2f08eed-cbc5-46af-9058-dc43269cacc2,2025-10-11,興味,6,人生初のマッサージを受ける,初めてマッサージ行った めっちゃ痛い 痛すぎて涙出た 肩と首がめっちゃ凝ってたらしい,運動・健康,positive
ff418017-1c76-4a09-8ac2-40cd619a35bf,2025-10-11,希望,6,姿勢改善への意識,"姿勢が良くないらしいから姿勢を良くしていきたい マッサージ行ったけど劇的に変化する訳ではないということがわかった 
一時的に姿勢が良くなった気がする",運動・健康,positive
8d434d94-dd20-41bd-ad86-8f669b4b0ae4,2025-10-11,悲しみ,6,ピザを食べながら過去を振り返る,"ピザ食べているときに橋本に凄く似ている人がいて楽しかった思い出がよみがえってきた
 自分の気持ちに素直になればよかったね",家族・友人との時間,negative
9b5205ac-f330-46b8-be20-b7ea7411df75,2025-10-12,興味,8,データサイエンスによる自己分析,データサイエンスを進めた 自分の問題の本質が苦しい・つらい状態から抜け出して、幸せで充実した、後悔のない人生を送りたい という事が分かった,創作活動,positive
d5a7af04-29fc-4843-be92-392ed767613f,2025-10-12,興味,7,感情ログと睡眠データの分析,それを解決するために感情ログと睡眠データを分析した やっぱり問題の根源は仕事でネガティブ率が55％ですべての悪循環の起点になっていた 次に睡眠がとれずにストレスになっていることが分かった,創作活動,positive
9c14a4c6-9fc0-4d04-9224-2dd7cffa6545,2025-10-12,興味,8,問題構造の分析,意味のない仕事→疲労→休めない睡眠→不健全な発散→罪悪感という悪循環 幸せの源泉も明確：成長実感・純粋な楽しみ・健全な達成感から生まれる 幸せの3本柱：成長実感（CCNA・創作）、純粋な楽しみ（趣味）、健全な達成感（運動） らしい,創作活動,positive
0ac64f39-ab91-4b7e-b023-ba4a48973540,2025-10-12,興味,8,睡眠パターンの詳細分析,睡眠データを分析したところ覚醒時間が睡眠の質を決定する（最強相関） で覚醒時間が長いほど睡眠がとれてないかもしれない 覚醒30分 → 睡眠効率92%（優良） で覚醒180分 → 睡眠効率65%（最悪） だったので正しいかもしれない,創作活動,positive
e218aea3-d8f5-41c1-8110-62583db9f207,2025-10-12,希望,7,睡眠改善の仮説構築,中途覚醒の「回数」は無関係 で起きること自体は問題ではない。問題は「起きた後、すぐ眠れるか」 という仮説を立てた この分析が正しいのかはまだ確認してないので確認して改善していきたい,創作活動,positive
e41ca317-16ce-449c-9d18-909037578ee3,2025-10-12,疲労,7,仕事に対する嫌悪感,やる気が出ない だるい 仕事行きたくない,仕事・勉強,negative
2c0da3d9-dadd-40ad-b574-991c959adcd8,2025-10-12,楽しさ,7,さくらみこのゲーム実況切り抜き視聴,さくらみこのゲーム実況の切り抜き動画を見た メスガキをわからせるゲームだった パンツが見えているぞと先生が生徒に言っていて足を机から降ろしなさいと注意したけど降ろしてくれずにそしたら先生が生徒のパンツをずっと見ていていい眺めだと言っていて犯罪者みたいなことを先生が言っていて面白かった,趣味・娯楽,positive
828362da-2eff-4c1f-bd2c-fbc72c3b9bc3,2025-10-12,不安,7,明日の仕事と睡眠への心配,明日、仕事だ だるすぎる どうせ今日も寝れないんだろうな,仕事・勉強,negative
1a80abef-ae35-49f6-a5cd-f373b76466c8,2025-10-12,満足,8, 2ヶ月ぶりのプール（350m水泳）,"350mおよいだ 2ヶ月ぶりにプールに行った 結構疲れたけど心地よい疲れだ
 やっぱり体を動かすのは気持ちがいい 体動かすとネガティブな気持ちが消えるし泳いでいる最中は思考出来ないので頭がスッキリする 
この調子でやって体力つけていきたい",運動・健康,positive
d1fbe2c2-7653-4981-b8f4-1baacf50c49e,2025-10-12,怒り,5,バイクの音に苛立ち,バイクの音が不快 うるさい,その他,negative
21466242-237f-4e65-b67a-d31afbad51a9,2025-10-13,疲労,9,深刻な睡眠不足に悩む,"全然寝れない 1時間寝てそのあと起きてしまい合計で3時間ぐらいしか寝れなかった
 気持ち悪い 眠い 仕事行きなくない だるい ほんとに寝れなくてしんどい 腹も痛い 眠い",休息・リラックス,negative
03e31449-90df-4151-9907-5115ea2b2c48,2025-10-13,疲労,8,長時間の仕事,仕事だった 時間が長すぎて最後の方はしんどかった,仕事・勉強,negative
6b8c0ddf-4e16-4e7e-9677-15c8e95e2423,2025-10-13,誇り,6,仕事後のスーパーでの買い物,仕事終わってスーパーに行った 偉すぎる,その他,positive
3ef9825c-3c65-44bf-bd17-3549cb457314,2025-10-13,安心,7,アプリの女性との電話,"アプリの子と電話する約束してた 
電話する前はめっちゃ緊張したけど電話したらなんとかなったけど前回の20歳の子よりかは沈黙があったけど何回か笑ってくれたので多分好印象なはず",家族・友人との時間,positive
0d03301d-0de5-4d00-a8c7-0df9de7d2614,2025-10-14,安心,7,6時間の睡眠確保,夜は6時間ぐらい寝れた いつもよりかは眠くない 前日が3時間位しか寝てないからなのか夜飯を19時ぐらいに食べたからなのか分からないけど寝れてよかった,休息・リラックス,positive
7a9f86d2-1f67-4cfb-b8da-00d766372910,2025-10-14,疲労,7,仕事への嫌悪感,仕事行きたくない だるい めんどくさい,仕事・勉強,negative
305813bc-47b9-48c3-a6c3-6fea1b402283,2025-10-14,平静,6,トラブル対応（周囲のサポート）,"今日はトラブル起きて大変だったけど周りの人がほとんど動いてて何もしてない 割と早く収まって良かった 
ヘルプに来た人がめっちゃ仕事やってくれて今日は楽だった",仕事・勉強,neutral
e56a3f44-1a44-4569-a417-81b6528cc37d,2025-10-14,喜び,9,大規模リリースの延期決定,"明日リリースでめんどくさいって思ってたけどリスケになって別日になった めっちゃ嬉しい
 ほんとに嬉しい これがストレスの原因だったのでだいぶ楽になった",仕事・勉強,positive
eb9564fa-59c3-42c4-ad9a-ef67e1b44200,2025-10-14,罪悪感,6,AV視聴,AVを見てしまった 次の日が夜勤でおきるのがおそいのと大規模リリースがリスケになって気が抜けてしまって見てしまった,趣味・娯楽,negative
ddc92b86-debe-49db-857b-18de5cf7befd,2025-10-15,満足,8,9時間の良質な睡眠, 9時間ぐらい寝れた いつもこのぐらい寝たい 途中で何回も起きていたけどすぐに寝れたからよかった,休息・リラックス,positive
2adb9181-c542-4a35-8cb8-ebe29ab04912,2025-10-15,不安,6,給料確認と家計への不安,"給料が入ってきたけど20万円だった もっと欲しい 
多分今月は赤字な気がする もっと詳細に計算したら違うかもしれないけど お金の使い方に気を付けたい
",その他,negative
cb0ecf54-0f7b-433f-9a25-44acbab56499,2025-10-16,楽しさ,6,友達と久喜で遊ぶ,友達と急遽遊ぶことになった,家族・友人との時間,positive
0257db37-6f6b-44f7-9272-5427506ae49d,2025-10-16,満足,6, 新しいメロンパンを購入・試食,新しいメロンパン買った 美味しかった,趣味・娯楽,positive
4a26ba5e-5612-4365-8d9d-f14c5c236143,2025-10-16,混乱,5,スマートウォッチの購入を検討,"スマートウォッチ買おうか迷ったけど結局購入しなかった
",その他,negative
4c815729-c9fc-4187-8e92-7bddc3f46968,2025-10-16,疲労,7,友達との遊びからの帰宅, 久喜から家に帰るのがだるい 4時間ぐらい遊んだけど足のふくらはぎが痛い 体力ないからなのかな 凄く疲れた,家族・友人との時間,negative
62d6d7e1-93fd-422c-9e8d-b54a6d7249b6,2025-10-16,混乱,6,高校の友達との時間を振り返り,高校の友達と会うのは結構苦痛,家族・友人との時間,negative
45a4df06-edc7-4f42-8f17-6978d11adcd8,2025-10-16,満足,6,ラーメンを食べる,"ラーメン食べた 美味しかった
",趣味・娯楽,positive
8e2b497a-4e29-4b8c-ad43-ac7d13ebc3bf,2025-10-16,希望,7,体力不足の実感と改善意欲, 全力で遊びを楽しむために体力付けよう,運動・健康,positive
0146ad03-c785-4967-8a74-e034bb11534b,2025-10-16,混乱,6,転職先の面接日程調整検討,"転職先から派遣先の面接日程調整が来た 
横浜で駅から15分くらい歩く 最寄り駅から50分くらいかかるので行きたくない",仕事・勉強,negative
df29d916-d719-4345-bb89-cd00022f5f64,2025-10-16,興味,6,転職先のメリット・デメリット分析,"いいところは8:30~17:30で固定で土日祝休みなところはいい 
あとは東京から横浜なので電車が空いているかもしれない 
今の職場より考えることは増えそうだからスキルアップにはつながるかも",仕事・勉強,positive
7d4346b1-3973-4bb1-ab4b-f8c4e061a6c7,2025-10-16,不安,6,転職先のリスク検討,悪いところは家から遠いのとトラブル対応なのでまたピリピリした職場になるかもしれないってことかな,仕事・勉強,negative
74298aa7-d93e-4fb8-b84f-3ec751c2c1e2,2025-10-16,疲労,7,面談の準備と日程調整,"面談が上野で対面であるからめんどくさい 時間どれぐらいなんだろう 
20~22は仕事なので仕事前にやるか夜勤終わりにやるしかないのがめんどくさい
 返信返さないとな めんどくさい",仕事・勉強,negative
a0d06b98-44f4-4ba2-8840-f14cc1cc1ddd,2025-10-16,誇り,6,期限内の勤怠登録,勤怠登録今日までだったのでめんどくさいけどやった 偉すぎる,仕事・勉強,positive
e58a891f-c158-4c84-b79a-f18b5a7d6a91,2025-10-17,疲労,6,長時間睡眠後の疲労感,たくさん寝たけどあまり寝た感じがしなかった,休息・リラックス,negative
7bd122a3-ebda-475f-8bf6-a89d6efcba75,2025-10-17,罪悪感,6,AV視聴で3時間経過,起きてからAVを見て3時間ぐらい経っていた,趣味・娯楽,negative
12f7b974-1e29-48a6-a783-fc4413a70e81,2025-10-17,混乱,7,風俗利用の検討,風俗に行くか行かないかめっちゃ迷う 行ったら気持ちがいいんだろうけどお金がもったいないっていう気持ちもあるしあと初めての場所だから単純に怖いっていう気持ちもある,趣味・娯楽,negative
d70dfd63-479c-4c67-8a18-5835e04bf0c7,2025-10-17,混乱,5,首の痛みと枕購入検討,首が痛い 枕購入しようか迷っている 枕変えたら睡眠も改善されるのかな どうしよ,運動・健康,negative
9c51c0a8-550b-4d74-9e90-7d763798e6e3,2025-10-17,恐れ,7,新しい体験への躊躇,"新しいことをやるのが怖い 
風俗行ってお金使わないほうが良かったってなったらどうしよ 
ネガティブな気持ちになりそうで怖い",その他,negative
560c3352-6548-4845-8831-d3b713333259,2025-10-17,満足,7,初回風俗利用,"初めて手コキ風俗行った ノエルっていう人だった 
違う店舗では馬乗りとか足を絡めての手コキはなかったのでめっちゃドキドキした 
気持ちよかった 
最後ハグまでしてくれてお触りなしって言ってたのにびっくりした めっちゃ可愛いって言ってくれた",その他,positive
50ccbe25-3b76-46d9-bfd0-b855e741446e,2025-10-17,混乱,6,風俗体験の振り返り,"良かったけどこれで3000円かという気持ちもある 
行かなきゃよかったとまでは思わないけどしばらくはいいかな 
やっぱりちょっとネガティブな気持ちになった
 行く価値あったのかな もったいない気持ちもある 何やってるのだろうという気持ちになってる 
一瞬の快楽に流された",その他,negative
c233508b-99ab-4dcb-b45b-85ab9a447d4d,2025-10-17,不安,6,4万円の枕を購入, 枕 4万円ぐらいの高いやつ購入した 高かったけどこれで睡眠改善すればいいな 合わなかったらどうしよう 4万円っていう高い金額払ったのに,運動・健康,negative
cc78da9a-77ab-4492-9886-3f33f7da6568,2025-10-17,混乱,6,風俗への再訪考慮,"時間たつとまた手コキ風俗行きたくなってきた 出した後もう少し話せばよかったとか、ノエルって子が特別であんなに密着してくれたのかとか気になってきた 別の人で試そうかな 
相手がSだったので自分としては結構興奮した
",趣味・娯楽,negative
e767d76f-3261-41e7-8780-8532818e20f2,2025-10-17,疲労,5,買い物と筋トレの先延ばし,ドンキに食材買いにいかないといけないのにめんどくさい 筋トレもしないといけない めんどくさい,その他,negative
bd26a787-c757-445a-9d91-5ee1404f3af6,2025-10-17,興味,8,容疑者Xの献身」読書と哲学的考察,"容疑者Xの献身を読んだ 愛する人のために殺人を行いその愛する人に幸せになってほしいと考えて自分に罪をかぶって自首したところが凄いと思った 
自分は自分が一番好きでその次に他人がいるので一番に人を好きになれるってすごいと思った",趣味・娯楽,positive
dee31c2c-dd22-4713-9c00-7052cb645b4a,2025-10-17,興味,8,容疑者Xの献身」読書と哲学的考察,"自分の好きになった人は自分の手で幸せにしたいという気持ちになるがその本の主人公は幸せにするのは自分じゃなくてもいいと考えていて自分とは違う考えだなと思った 
どっちがいいとかは多分なくてそれぞれにいいところ悪いところがあるのかもしれない",趣味・娯楽,positive
9f48d103-3744-4fc4-af01-4de2a55b7607,2025-10-17,興味,7,容疑者Xの献身」読書と哲学的考察,"今、自分が心の底から幸せと言える状態ではないのでその本の主人公みたいな考え方はできないと思う 
自分なりに考えた結果はそのような考えができるのは自分の人生が凄く満たされていて初めてその思考になるんだと思う",趣味・娯楽,positive
4d948453-da4d-4099-ad8d-ed225889ab63,2025-10-17,希望,7,理想的な愛について考える,"どうしたら自分以外の大切な人ができるんだろうか 自分は現在だと自分が一番好きでそれより上は存在しない よく言うのが子供ができたら自分より子供が大切な存在になるという話を聞いたことがある 
自分が犠牲になっても子供を守るという行動もためらいなくできる",趣味・娯楽,positive
9cab8b73-ad37-4acc-915f-b5577ef00798,2025-10-17,混乱,6,過去の恋愛関係の分析," 前に彼女出来たときもめっちゃ好きだったけど自分よりかは大切な存在ではなかった 
自分を除くて一番目に大切な存在だった その人のために行動することに幸せを感じていた でも心のどこかで他人だからいつかいなくなるし裏切られるのではと考えてしまって自分より大切な存在にならなかった",家族・友人との時間,negative
e47d17e9-eaf5-4e4d-a2ba-f1ad0ce6a4be,2025-10-17,希望,6,人間関係における信頼について考える, 前何かの漫画で他人はまだ信用できないけどこの人に裏切られてもいいかなと思えるような存在になったと書いてあってその考えもいいなと今ふと思い出した 多分自分は他人を100％信用することは難しいと思うからそのような存在の人に出会えたらいいな,家族・友人との時間,positive
aeaceae9-e3a3-4823-a62a-86611e951b4b,2025-10-17,楽しさ,7,内省プロセスを楽しむ,自分の思考を深堀するのは結構楽しいな,その他,positive
a12168a1-4140-49c6-a8d4-74a28b73941a,2025-10-17,誇り,7,新宿でスマートウォッチ探し,家に帰ってからもう一回新宿にスマートウォッチを探しに行った めんどくさかったけどちゃんと行動出来た 偉い,その他,positive
dbd94a2f-843c-4fad-a586-13852e7194d4,2025-10-17,平静,6,スマートウォッチの機能確認,スマートウォッチ6000円ぐらいの安いやつがいいじゃんと思ったけど睡眠データとかをPCにエクスポートできるか不明だったから購入するのやめた ちゃんと調べてから購入しようと思う,その他,neutral
1baefd7c-05be-4289-98a6-940d0afd47d3,2025-10-17,平静,5,チェンソーマン映画鑑賞検討,チェンソーマンの映画2回目見ようかなと思ったけど時間が1時間ぐらい待たないと見れなかったからやめた,趣味・娯楽,neutral
b2a278b6-b17c-4980-b410-4f55d52373fc,2025-10-17,興味,6,歩行時の身体反応観察,やっぱり徒歩1万歩あたりからふくらはぎが痛くなる 新しい高い靴でも結果は同じだった 自分自身の問題だな,運動・健康,positive
f9df42ac-155c-4593-9c7c-93ea296776d4,2025-10-17,希望,7, 購入した枕への期待,枕試すのが楽しみ,運動・健康,positive
cd8a5aa8-92e3-46c2-8528-c9d77d65da3f,2025-10-17,満足,8,やりたいことリストの達成,前に作成した 新体験、挑戦サポートアプリに書いてあったやりたいことリストを2つ出来たので良かった この調子でどんどん新しいことに挑戦していきたい,創作活動,positive
c172b13a-2420-4aae-9fc7-b5bcf83927bd,2025-10-17,満足,7, 一日の振り返りと評価,今日1日振り返るといつもの休日よりも色々行動出来て満足 風俗も新しいことに挑戦っていう意味では行ってよかったかも,その他,positive
d31fbe74-13f5-4b55-b531-d40fbe4b8140,2025-10-18,混乱,6,新しい枕での初回睡眠,"新しい枕試した 枕が硬くて違和感感じた 寝るまで1時間半かかった 最初は慣れるまで何日かかかると店員が言っていたので慣れてなかっただけなのかな
",休息・リラックス,negative
040dc973-03b9-4492-b39d-7161229ed8fc,2025-10-18,不安,7,枕の効果への疑問,高いお金払ったのに枕あっているのか不安になってきた,休息・リラックス,negative
a1b14a18-a432-4d2c-840f-8afb56a72567,2025-10-18,興味,7,アプリでの睡眠データ確認,アプリだと寝付きは良くなかっただけどそれ以外の眠りの深さ、睡眠周期、中途覚醒のスコアは良かった 中途覚醒は2回でいつもよりも大分少ないから枕変えた効果は出てたのかな,休息・リラックス,positive
528ceab9-11ca-426b-b3cd-c586c55243ef,2025-10-18,疲労,7,二度寝による長時間睡眠,8時半にアラームセットして一回起きたけどあまり寝た気がしなくて結局2度寝して次に起きたのが12時半ぐらいだ 今日の寝る寝れるか不安だ,休息・リラックス,negative
540439fc-8bce-4e3d-bc44-32323f077007,2025-10-18,誇り,6, LINE での転職面談日程調整,ラインで面談の日程調整した 頑張った　偉い,仕事・勉強,positive
15aeae71-8b6d-4b70-adac-100e9d73d161,2025-10-18,興味,8,睡眠問題の根本原因分析,データサイエンスで分析していた 睡眠を改善するには今の職場を転職して自分の人生をコントロールしている感覚」が自分で実感できれば問題の本質を解決できるのではという結論になった,創作活動,positive
5e3df80d-9740-4a74-a034-a8bb669b048b,2025-10-18,興味,7,自己分析による価値観の発見,自分は自由を求めているらしい 同じ時間に出勤して同じ時間、同じ場所で働くことが苦痛らしい,創作活動,positive
595c7a6c-f712-4fa2-bf60-8167ae5efd92,2025-10-18,疲労,6,学習意欲の低下,その為にも勉強しないといけないんだけどやる気が出ない なんかやる気でないな なんでだろ,仕事・勉強,negative
b2a918b9-0630-45a8-bd9f-45463c93199a,2025-10-18,満足,8,新体験アプリにカレンダー機能追加, 新体験、挑戦サポートアプリを改善した 挑戦した日が文字だけで分かりずらかったのでAIに聞いてカレンダーを追加して視覚的に分かりやすくした あと履歴とやりたいことリストが編集できないのが不便だったので編集機能を追加した これでさらに使いやすくなってうれしいし満足,創作活動,positive
5bd17749-5600-4707-a80b-0ebf3f154224,2025-10-18,悲しみ,8,意欲低下への困惑,まじでやる気が出ない やる気が出ない つらい,その他,negative
218888fe-6fcb-4f30-a335-12f760d2eb6e,2025-10-18,満足,7, iPhone からのアクセス設定,新体験、挑戦サポートアプリをiPhoneから外出先でも見れるように設定した これでいつでもやりたいことリスト確認できるし、追加できるようになって便利になって満足,創作活動,positive
5745c48c-97fa-45c8-ae67-b673dfbce01c,2025-10-18,疲労,8,強い眠気による活動停止, 眠すぎる 眠すぎて何もやる気が起きない やっぱり今日の睡眠があまりよくなかったかもしれない 眠い,休息・リラックス,negative
d0eb002f-7367-411f-80a1-64a605900c3c,2025-10-18,興味,7,言語化に関する動画学習,言語化の技術は大事だなと思った 本の解説の動画を見た その中で自分の声を聴くことが大事らしい その点は自分はわりと感じたことなどを言語化してメモに書くようにしているので大丈夫かなと思っている,仕事・勉強,positive
7054a695-97fd-450b-84f8-8e2012775b7b,2025-10-18,混乱,6,自己認識の限界に気づく, 自分のことをよくわかってない,その他,negative
6bd402c8-94d6-4bc3-b3da-0173a4b6addb,2025-10-18,興味,7,仕事の苦痛要因の分析,動画の中で働くのがなぜつらいのかという問いに対しての回答は 同じ時間、同じ場所に行くのがつらい 人間関係がつらい 自由が制限されていて自分は自由を求めているのでそこが制限されているのでつらい 自分で働いて自己肯定できるような仕事ではないからかな ぱっと思い出したのが,仕事・勉強,positive
ee928156-4a5e-415a-aed1-5b08414aa0c1,2025-10-18,興味,6,言語化技術の具体的手法学習,言語化するためにやることを解説していた 心が動いた出来事をメモにする 出来事+感じたことをセットでメモするらしい それはできていると思う なぜそう思ったのかという事を考えることらしい 感じたことをメモしてたけどなぜまでは考えたことはなかった,仕事・勉強,positive
d5365f9d-8a21-4452-b00d-43581f413334,2025-10-19,疲労,9,断続的な睡眠で3時間しか眠れず,最初1時間ぐらい寝て起きてしまってそこから寝れなくて3時間ぐらいしか寝れなかった 快眠スコアも悪いし最悪,休息・リラックス,negative
3e6708ad-1f2e-42f0-9776-c2cd42f5382d,2025-10-19,怒り,8,高額枕の効果不足への失望,高い枕購入したから睡眠改善するかなと思ったけどそんなに改善してない 高いお金払ったのに最悪,運動・健康,negative
e8c07fe1-c9e4-48e4-9cd0-09199d1aed21,2025-10-19,混乱,7,夜勤の継続について考える,やっぱり夜勤とか辞めないといけないのかな あと前日が長時間寝てしまって運動もしてないからなのかな 仕事行きたくない,仕事・勉強,negative
2ab6437c-5125-43ce-86a2-0567180aae89,2025-10-19,退屈,6,仕事中に睡眠,今日の仕事は何もなかったので寝てた でも何も無さすぎて暇だった,仕事・勉強,negative
19a5c824-edf7-4805-bf63-42b7897a77ce,2025-10-19,希望,7,新しい活動への興味,新しい体験したいという気持ちになって釣りやアスレチックなどやりたいってなった,趣味・娯楽,positive
70eeff71-3a59-48db-bf2c-6df0dc2faf33,2025-10-19,疲労,5,雨対策の準備, 帰る時に雨降ってた 傘準備するのがだるい、めんどくさい,その他,negative
198659af-806d-4b74-bef4-a84210641f57,2025-10-19,不安,7, 1時間の昼寝,仕事帰ってから眠くなって1時間ぐらい寝た ほんとは30分ぐらいだったけど1時間ぐらい寝てて アラームとかなしで1時間で目が覚めたので夜寝れるか不安ではある いつものパターンだと入眠は早くできるんだけど1時間ぐらいで目が覚めてそこから寝れないっていうパターンなので寝れなかったらどうしよ,休息・リラックス,negative
1d1526d7-042b-4b07-ac23-3ff0a1a0b81f,2025-10-19,混乱,6,withアプリの削除,withのアプリを削除した 結局1人とも出会えなかったな 電話も2人しかしてないし,家族・友人との時間,negative
b973aa16-4b56-4964-8e5f-d5196f1d01f4,2025-10-19,混乱,6, 恋愛での失敗要因の分析,出会えなかった原因をこれから考えるか 思い浮かんだのは行動するのが怖くて慎重になりすぎてデート誘うのを躊躇ってしまった あと人と関係を構築するのがめんどくさいと思ってしまったとか,家族・友人との時間,negative
23ea7b88-838a-493b-a4f9-729c75e947d0,2025-10-19,悲しみ,9,弟からの同棲報告を聞く,弟から電話かかってきて彼女と同棲するという話を聞かされた 自分が彼女と別れたばっかりだったので単純に羨ましいと思った これで兄弟の中では俺が一番結婚が遠い存在になった 1つ下の弟はもう婚約しているし電話きた弟は今度同棲するらしいしダメージがでかい,家族・友人との時間,negative
93d1f0f4-6a6f-4fbe-b86a-85a05e61d72d,2025-10-19,不安,8,結婚への焦りと決意,彼女いらないかなと言っている場合ではなくなったな 俺も頑張らないといけないな やばい メッチャダメージ来るな 自分の生活のリズムを整えて彼女作り再開しないと やばい このままだと一生独身で置いていかれる,家族・友人との時間,negative
912a4039-2d2e-4898-9211-b243209c99c6,2025-10-19,誇り,6, 溜まった缶の処分,缶が溜まっていたので捨てた ちゃんと行動出来て偉い,その他,positive
2817619c-493e-4868-8777-c51d18f45644,2025-10-19,希望,7,残りの家事を意識,洗濯と部屋の片づけが残っている ちゃんとやらないとな 頑張れ こういう小さな積み重ねが大事だ コツコツと行動することで自己肯定ができていくと思うので今から行動する,その他,positive
16b61b56-9355-4ef0-9f30-62d23e4b974a,2025-10-19,誇り,8,: 洗濯、片付け、掃除の実行,"洗濯機を回して、部屋の片づけをしてロボット掃除を起動させた 偉すぎる 部屋がきれいになって少しだけ気分がすっきりした
",その他,positive
f9b2ab1f-2f92-42e1-86cf-287b4d2a1358,2025-10-19,希望,7,動画視聴と理想像への憧れ,動画のヒロインがすごくポジティブな気持ちで行動していてすごく羨ましい あと自分の気持ちに正直に行動していていいなと思った 他人をそこまで好きになれるって素晴らしいな いいな,趣味・娯楽,positive
8bb99131-b4a2-4224-a828-7c93199ad8ed,2025-10-19,希望,7,自分への励ましと決意,"弟が同棲するから俺も頑張らないと 頑張れ 自分に負けるな 行動しろ
",その他,positive
8d22c206-caa7-4b0d-96a6-c8d49536cad8,2025-10-20,疲労,9,深刻な睡眠不足の継続,今日も全然寝れなかった 睡眠スコアが低い 全然寝た感じがしない 気持ち悪い 高い枕購入したのに全然睡眠改善されない 最悪や この先も睡眠改善されないのかな 不安だ,休息・リラックス,negative
2d22b709-abb1-4dd0-b44f-964930d73e23,2025-10-20,疲労,8,雨天での出勤準備,仕事行きたくない 外雨降っていて出勤したくない めんどくさい 腹痛い 眠い,仕事・勉強,negative
cd3aee69-8c8e-4a93-bd4d-d98470471c34,2025-10-20,疲労,8,電車遅延による混雑体験,"いつもより人多いなと思ったけどやっぱり止まってた 車内が暑いし身動きできないしめっちゃキツかった いつもより早めに出て正解だった 腕が痛い 辛かった
",その他,negative
13cef5fd-567b-430e-ba45-abed3be4a7ec,2025-10-20,興味,5,満員電車での景色観察, 満員電車でやることないので外の景色見てた 外の景色は新鮮でそこはよかった,その他,positive
854646ab-a708-4d84-b400-c72fae3fd600,2025-10-20,疲労,8,仕事中の早期退勤願望, 仕事だった もう帰りたくて仕方なかった トラブル起きてたけど何もせずに周りの人が対応してた 早く辞めたい,仕事・勉強,negative
c8418d5b-7474-47ec-aa1b-a73bd34b2817,2025-10-20,悲しみ,8,元彼女に似た人を見て思い出す,"後ろ姿がひなちゃんと似てる人がいて顔見たくなっちゃった もう二度と会えないと思って悲しい気持ちになった
",家族・友人との時間,negative
8989a532-ad62-4d16-8854-319570caf6d7,2025-10-20,混乱,6,恋愛への取り組み方を考える,昨日の弟の同棲の話を聞いて彼女作らないとと思ったけどその気持ちも無くなってきた 無理にでもマッチングアプリ初めて行動するようにしないといけないよな,家族・友人との時間,negative
28a87114-4d95-46af-b7a3-c9ab994fa3f0,2025-10-20,誇り,6,スーパーでの買い物,スーパーに買い物行った めんどくさかったけどちゃんと買い物できた えらすぎる,その他,positive
59929147-b498-4550-90ef-b4880fb22866,2025-10-20,罪悪感,7,AV視聴による時間つぶし,最近目標がないから暇なときにAVを見て時間をつぶしてしまう 自分の理想の姿はあるけどその理想の姿になるための行動を何一つできてない めんどくさい ムラムラする,趣味・娯楽,negative
a6086db2-8003-462e-adde-e9dba49f6d4a,2025-10-21,怒り,7,退職届の訂正要求への対応,退職届を訂正してくだいという文が来てた めんどくさい 書きたくもないものに対して訂正してくださいと言われるとなんでこんなやりたくもないことなのに言われないといけないといけないのかとイラっとする 訂正するのがめんどくさい,仕事・勉強,negative
fdfb8468-e1d9-4b80-a14b-fbdee38edaaa,2025-10-21,満足,8,夜勤前の良質な睡眠,今日の睡眠は自分的には良かった 次の日が夜勤で17時から出勤なので目覚まししなくても起きられるというのがいいので時間を気にせずに起きられるのがとてもよい 眠りの深さもグラフ見るとめっちゃ深いし睡眠周期もいい感じ 中途覚醒が12回で多いけど起きてもすぐに寝てる感じなのでそこまで苦痛ではなかった,休息・リラックス,positive
295f8667-318e-4543-a967-b6f84fc596a9,2025-10-21,誇り,6,退職届の訂正作業完了,退職届の訂正ちゃんとやった　偉すぎる,仕事・勉強,positive
6b5b2c1a-47b9-4051-b0cf-9a1782dad623,2025-10-21,満足,8, 筋トレの実行,筋トレをやった やっぱり筋トレすると気持ちがすっきりする やり切った感じがしてとても気分が良い,運動・健康,positive
c1b1d483-ffd1-4769-9b6d-4d5fb6776172,2025-10-21,疲労,7,夜勤開始前の憂鬱,仕事だ 夜勤めんどくさい 行きたくない,仕事・勉強,negative
96a2ab50-c684-4c23-aea7-4499bc9b4254,2025-10-21,不安,8,転職先からの電話要請,転職先から今後についてお話をしたいので電話したいですと言われた 何を言われるんだろう　不安だ もしかしたらクビとかになるのかな どうしよ 今、悩んだって仕方がないか,仕事・勉強,negative
6223eb5a-b12c-4710-95a2-40533608248d,2025-10-21,悲しみ,7,小学生時代の夢を見る, 小学生の時の夢を見た 当時好きだった人と仲良く話をしていた 当時は楽しかったな 好きな人と同じ空間でいろいろなことを共有出来て小学生だったから将来とかも考えずに過ごしていたしその当時は自分に対して自信があって楽しかったなと思ってしまった,その他,negative
a11f31e7-1a38-4cc3-a3ad-19a6922698ce,2025-10-21,疲労,6,電車内での気分不良,電車乗ったら気持ち悪くなってきた 食べすぎたかな やばい 気持ち悪い 座ったら楽になった,その他,negative
ca0acd79-5f4b-466c-8b71-9b244ef8f503,2025-10-21,混乱,6,ニアジョイライブ参加の検討,"ニアジョイのライブが明日京都であってチケットが余ってるんで行こうか迷ってる どうしよう 行ったら新幹線代とチケット代で絶対赤字になるし、でも行ってみたいしめっちゃ迷ってる
",趣味・娯楽,negative
04d688a5-ee4e-4c26-b9d8-552f216dbaad,2025-10-21,平静,7,冷静な判断による不参加決定,めっちゃ悩んで色々考えた結果行くのは辞めることにした 行きたい気持ちはあるけど今月は枕も買ってるし、先月も赤字で2ヶ月連続で赤字は避けたい ニアジョイよりノイミーの方が推しが多いし、曲もめっちゃ聞いてるので先に行くならそっちのライブに行きたいという結論になったので今回は辞める,趣味・娯楽,neutral
a9ff4828-ad7b-4727-9cde-7263bf5629b8,2025-10-21,楽しさ,6,夜勤中の京都情報収集,今日の仕事は平和だった 暇な時に京都や、新幹線のことを調べてた 今回は京都にライブ行かないけど色々調べられて楽しかった 京都のにしんそばがとても美味しそうだったので京都に行った時は食べてみたい,仕事・勉強,positive
580ea92a-aebe-48ba-92cd-1688c2bb30ad,2025-10-22,満足,8,新体験アプリのデータベース改善,"Supabase という外部DBを初めて使用した 新体験、挑戦サポートアプリをクラウドでデータ保存していたけどデータが消えるという問題があったのでSupabase を使用してデータが消えないようにした ローカルのデータも移行できたしこれでさらに使いやすくなったはずだ
",創作活動,positive
14520047-7a89-4e58-8e7e-5f0bee757194,2025-10-22,悲しみ,9,転職先からの年収減額要請,転職先から電話がきた 内容が今が年収400万だったけど年収を380万円にさげてほしいとのことだった 年収が400万だったから今の会社にしたのに最悪,仕事・勉強,negative
863ef226-4e79-4624-83c0-eaca563796da,2025-10-22,混乱,7,自分の市場価値の再評価,やっぱり自分の市場価値は380万ぐらいらしい 前も転職活動したときに提示された金額が380万円だったのでそれぐらいが妥当な金額らしい もう一回転職活動再開しようかな,仕事・勉強,negative
30c40c4b-5c44-49dc-b760-e51f5c4bedc9,2025-10-22,混乱,6,転職条件のメリット・デメリット検討,でも今は営業が完全に夜勤NGで探しているらしいのでそこは凄く魅力的だ 夜勤は絶対にやりたくないのでそこはすごく感謝 でも年収下がるのは凄く嫌だな どうしよ なんかやる気でなくなったな,仕事・勉強,negative
64d5de79-b565-4106-8d41-cf76f8c428a4,2025-10-22,罪悪感,7,ストレス発散としてのAV視聴,AVを見てしまった 年収下がるという事実がわかり落ち込んでしまいAVというお手軽に快楽を享受できるものに現実逃避した 終わった後はやっぱりネガティブな気持ちになった,趣味・娯楽,negative
2f294c35-ee50-4333-9920-dcb3890e1c73,2025-10-22,混乱,6,年収向上のための資格検討,今の年収を上げるには資格を取得しないとな 資格勉強するかでもめんどくさいな,仕事・勉強,negative
402c381d-22de-42f4-9ed0-ee34d56ff8c1,2025-10-22,満足,7,過去の日記データ整理,ノーションにあった過去の日記を正しい日付のところに移動させた めんどかったけどすべてできてよかった クロードにある文章もすべてノーションに移行できた 達成感がある,創作活動,positive
462b1d12-8897-491a-a213-656f2e0d92cd,2025-10-22,楽しさ,7, ニアジョイの配信視聴,ニアジョイの怜音の配信をみた ポニーテールを初めて見た 可愛い 可愛い子を見るといい気分になる 可愛い,趣味・娯楽,positive
6b710d62-7111-4aa1-a499-faea7f81db57,2025-10-22,悲しみ,6,ライブ不参加の振り返り,やっぱり今日のニアジョイのライブ行けばよかったな ちょっと後悔している 最近は睡眠不足で行動する気力が少なくなっている,趣味・娯楽,negative
7d311d2c-96a6-43d0-a6b4-9708e22a525e,2025-10-22,楽しさ,6,ニアジョイの配信視聴,話は正直面白くはないけど顔が可愛いからずっと見ていられる,趣味・娯楽,positive
0ae5955a-69b3-40d8-a690-7fa8a0a0f2da,2025-10-22,楽しさ,7,加藤純一の動画を視聴していた, 加藤純一のマイクラの実況動画を見た ネザーでぐちゃぐちゃになっていて 凄くおもしろかった 敵が凄く湧いていて情緒不安定で全員倒してやると言っていて面白かった ぐちゃぐちゃになっている姿が面白い,趣味・娯楽,positive
96ae28cf-bf53-485a-98dc-53763d1b9ef2,2025-10-22,誇り,6,転職先へのライン返信,転職先のラインを返信をした 頑張った,仕事・勉強,positive
7128ed69-6de3-4ea2-acbb-cec92e909d5a,2025-10-22,希望,6,恋愛漫画を読んで理想を見つける,恋愛漫画の中で人をうまく使える人がいていいなと思った 自分は人をうまく使えることができなくて一人で助けを求めることができないので助けを求められるような人になりたい,趣味・娯楽,positive
1a7573a2-8c57-43cb-87a7-7c6f125467e0,2025-10-23,満足,7,8時間の良質な睡眠,今日は休日だ 22時半には寝れてそのあとは3回ぐらい起きたけどすぐに寝れて8時間ぐらい寝れた わりと満足 でも昨日AVを見てしまったので瞼が重くて少しだけ寝起きが悪かった いつもと比べれば寝た感じはするけどAVを見なかったらもっとすっきりしていたと思う,休息・リラックス,positive
996d46bc-2553-43b3-a807-09b6eb8776b2,2025-10-23,誇り,8,休日の早起き成功,しかも休日は起きるのが午後ぐらいになっているけど今日は7時半に起きられて大分早起きですごい 早起きできた自分がすごい 朝から布団の洗濯も始めたしこの調子で今日は精力的に活動していきたい,休息・リラックス,positive
cbac4769-ff61-4b9f-9dfe-5b66aca6ae99,2025-10-23,誇り,8,朝の洗濯と片付け, 朝早起きしただけなのにすごく自己肯定感上がる まだ9時前なのに洗濯したし、部屋の片づけやったし凄くいい感じ,休息・リラックス,positive
6cf8aad7-4475-4dfa-ad9b-c9de458d4611,2025-10-23,感謝,6,朝の散歩,朝散歩してたらゴミ収集車がたくさんいた ゴミ収集車があるおかげで街が綺麗になってるから感謝しないとなと思った,運動・健康,positive
c9a52481-c8e6-45dd-ae1b-bce5ad7e4a32,2025-10-23,希望,7,図書館で本を2冊借りる,図書館に行った 新しい本を2冊借りた 1冊は小説でもう1冊は睡眠の本 読むのが楽しみ,趣味・娯楽,positive
b52b469d-3574-42e7-8ea8-a581cb2d325d,2025-10-23,満足,6,ドンキでティッシュ購入,"外は結構寒い ドンキでティッシュ買った 5個入りで328円ぐらいだったから100均より安いってなって購入した 100均で購入しないでよかった
",その他,positive
f0f15fe4-5ffe-4c52-a50f-23fa375b9c79,2025-10-23,平静,5, 100均の開店時間確認,音楽聞かずに散歩してると退屈だ 100均に行ったら10時から開店でやってなかった 早く行動しすぎた けどそんなにネガティブな気持ちになってない 次は筋トレでもしようかな,その他,neutral
8807d633-6c5e-457e-b765-5f8c78939a57,2025-10-23,満足,8,筋トレ,筋トレで肩トレをやった 筋トレすると気分がいい気分になる 眠くなってきた 階段上がる時に足が痛い この間やったスクワットでしっかり足を追い込めた照明が出て嬉しい,運動・健康,positive
7d665913-9046-49f4-a9b4-a17ac88603fb,2025-10-23,楽しさ,9,初回のワンカラ体験,ワンカラ近未来感があってすごい コンデンサーマイクを初めて使用した 歌手になったみたいでテンション上がる 立って歌おうと思ったけど自分の身長が高すぎて少し屈まないと歌えないのが残念,趣味・娯楽,positive
60c56f04-e809-4511-912a-a695ff562020,2025-10-23,楽しさ,9,初回のワンカラ体験,モニターが小さくて画質が良くない カラオケの時はPV見るのも好きなので残念 部屋が暑いし椅子もあまり座り心地が良くない 自分の歌いやすい位置がわかってきた 結構快適に歌える 気分上がる,趣味・娯楽,positive
59c551d8-bd5f-48bb-b35f-be5997d88ed4,2025-10-23,満足,9,初回のワンカラ体験,ワンカラ最初はあんまりかなって思ったけどだんだん歌い方やマイクの位置がわかってきて1時間半があっという間だった 楽しかった また行きたい いつもよりノリノリで歌えた ワンカラはやりたいことリストにもあったのでできてよかった,趣味・娯楽,positive
077fbe97-7440-432e-9c4e-ccf857ee990d,2025-10-23,希望,8,新体験への取り組み意欲,新体験だからちょっと緊張するけど新たな発見とかあるからこの調子で新体験をどんどんしていきたい,その他,positive
ff5e1a91-c4a8-430f-859a-eb7db22a930c,2025-10-23,興味,7,音楽なしでの散歩体験,最初は音楽聞かずに外に出るなんて退屈だと思ってたけど音楽聞かない状態も慣れていき、音楽聞かない状態でも楽しめるようになった 音楽聞かない状態だと周りに意識を向けるようになり、周りをよく見るようになった,運動・健康,positive
5a4921e3-7698-4b59-a51c-2e827944af0c,2025-10-23,興味,6,グリーン車への興味,電車の音も久しぶりに聞いた 久しぶりに聞くとこんな音だったなと昔を思い出した 電車を見ててグリーン車があってそれを見てそういえば乗ったことなかったなと思ってやりたいことリストにグリーン車に乗るを追加した 今度挑戦してみよう,その他,positive
596ce9ff-563e-426b-af47-031e003fc9a3,2025-10-23,混乱,6,キッチンの大掃除,キッチンの掃除をやった めっちゃ汚くて後回しにしていたけど今日はやった 綺麗になった 綺麗になったけどそもそもの家が築年数が古くてあまりきれいな感じがしない,その他,negative
2b595d31-30a5-4ca3-9ffa-f44e0e70a40b,2025-10-23,怒り,7,ゴキブリ被害の掃除,ゴキブリがいてゴキブリが汚すので掃除してもすぐに汚くなる ゴキブリがいない物件に引っ越したいな 食洗器の下も掃除してここもゴキブリが汚すのでめっちゃ汚くてイライラした まじで家のゴキブリすべていなくならないかな,その他,negative
1b0d28e3-4040-484c-ad2e-06c74b5df23f,2025-10-23,疲労,6,一日の活動による疲労,今日は朝から行動していたので大分疲れてきた 自分で設定したタスクであと残っているのが防カビ剤を購入とCCNA勉強だけだ 頑張ろう,その他,negative
52cb1273-d840-4685-8b03-29541a3ec18b,2025-10-23,満足,8,新体験アプリの機能改善,新体験、挑戦サポートアプリの機能を追加した やりたいことリストにあるやつで具体的に何を準備すればやりたいことができるようになるのか分からなかったので準備メモ欄を追加してそのメモを見ていつでも取り組めるようにした 満足,創作活動,positive
62cdd65a-0e4d-4bfb-a051-3d933feeb19e,2025-10-23,希望,7,ニアジョイライブの抽選申し込み,11月30日にある東京であるニアジョイのライブの抽選申し込みをした この間は京都であったやつを行かないで後悔したので申し込みをした 一つ懸念点があって転職先の仕事が日曜日がある場合にチケット代が無駄になるということ 多分、土日休みと勝手に決めつけて申し込んでしまった,趣味・娯楽,positive
226bf9dd-4c6c-40c9-bdf3-ef98e2b3dfca,2025-10-23,誇り,8,CCNAの勉強,CCNAの勉強を久しぶりにやった 12分ぐらいしかやってないけどやったということが大事なのでこの調子で毎日短時間でも続けていきたい 前は2時間ぐらいできていたけど今は10分でも勉強するのがきつかった 前みたいに2時間ぐらい勉強できるようにならして行きたい よく再開した 再開するのがすごく体力を使うのでこの再開は大きな一歩だと思う,趣味・娯楽,positive
c53d9b2a-3369-4b28-bf65-cc4894b10923,2025-10-23,誇り,9, 設定した25個のタスク完了,今日、自分で設定したタスクはすべて達成した タスクを細かく分けて今日は25個のタスクがあったけどすべてできた 達成感がすごい 簡単なタスクが大部分を占めていたけど達成したことによって凄く充実感がある一日を過ごしたなという気持ちになった,その他,positive
d94884b9-4bc3-4571-9e2e-4647e468f591,2025-10-23,興味,8,睡眠の質と行動力の関係を実感,スーパーの買い出しも明日でいいやと思っていたけど今日は気力が満ちていたので今日、行って洗濯も2回回した やっぱり睡眠が整っていると凄く精力的に活動できる,運動・健康,positive
1cb44b31-6de3-4515-8bdf-f2b46150bc7b,2025-10-23,希望,8,睡眠改善の仕組み構築,このあとは早めにご飯食べてお風呂に入って万全な状態で睡眠に取り組みたい 今日は充電ケーブルも購入したのでスマホロックを使用しながら充電できるので22時以降はスマホロックをかけて途中で目が覚めてもスマホを触れないような仕組みを構築していきたい,運動・健康,positive
1a0b2844-4518-49b2-a9af-6fa81aa1dd97,2025-10-23,誇り,9, 一日の振り返りと自己評価,夜、歯磨きしたし、炊飯器も洗ったし今日の自分は凄すぎる 朝の8時ぐらいからずっと活動していた こんな日が続けば自己肯定感も高まるはず この調子で頑張っていきたい,その他,positive
a94d7ba7-ae8a-4ecb-858c-aef50dacb597,2025-10-23,楽しさ,9,友人との電話での会話,友人と電話した 話をして楽しかった,家族・友人との時間,positive
8edc8fde-3605-42c5-ac4b-e13236dc026a,2025-10-24,混乱,6,睡眠準備の効果測定,前日は睡眠のために運動して早起きしてご飯も早く食べて、部屋の照明を暗くしてできることはやってからの睡眠だったので最高の睡眠ができると思っていたけど睡眠効率が89%で平均よりかは良かったけど最高の睡眠ではなかった 途中何回か起きてしまい長時間ではないけどちょっと寝れないなと思っていたことがあったのでそれがあり最高の睡眠にならなかった気がする,休息・リラックス,negative
53fc8e0d-5336-4d95-a9b6-36ca13599c97,2025-10-24,希望,7,睡眠改善の長期的取り組み,昨日よりかは寝た感じしない 昨日は凄く寝た感じがしたのでいつもと比べるとよくはなっていたので頑張っていきたい この調子で睡眠のために日々の生活をよくしたい,休息・リラックス,positive
b68b3271-fbc5-4b8a-a982-c95d32780f8f,2025-10-24,誇り,8,5時起床,今日は5時に起きた めっちゃ早起き,休息・リラックス,positive
6dba3e40-05ce-46ff-aff2-8ec444943d8e,2025-10-24,満足,7,CCNAの勉強,CCNAの勉強をやった 昨日より10分長くやった 少しずつ伸ばしていきたい,仕事・勉強,positive
ec1effa1-5b1e-47dc-ab1c-32ca3164f646,2025-10-24,満足,8,自己肯定感アプリでの数値確認,自己肯定感のアプリ入力した ポジティブの割合が53%に上昇していた 昨日はポジティブな体験をたくさんしたのでそのおかげだ この調子でポジティブな割合を増やしていきたい,創作活動,positive
da8df24c-3304-43b2-9da1-feb4be1eb2d3,2025-10-24,満足,7,筋肉痛による効果確認,起きたら肩が筋肉痛だった 昨日の肩トレの成果がでててうれしい,運動・健康,positive
c8bff3ee-4847-4d5f-adc0-4a4184c13216,2025-10-24,怒り,8,ゴキブリ被害への対処,ゴキブリが自分の足に何回ものってくる ほんとにイラっとする まじで引っ越ししたいな でもお金がないし、次に引っ越しするときは同棲とかしたいから今は我慢かな,その他,negative
96e8b79b-6cd5-44aa-b107-bc246cee2519,2025-10-24,満足,6,寒くなった季節への感想,最近は外が寒い 朝は寒くてもう半袖じゃ生活出来ない 暑いのが終わって嬉しい 早朝から外出ると気持ちがいい,その他,positive
c93ae1af-d99e-42b0-8147-54c0b073d53c,2025-10-24,喜び,9,ベンチプレス40kg×9回達成,筋トレやった ベンチプレスをやった 前回は40kgを7回だったけど今回は40kgを9回上げられた 前回よりも記録が伸びて嬉しい 2回連続で40kgを9回上げられた 嬉しい 次も8回以上挙げられたら次は重量増やして挑戦してみよう 3セット目も9回上げられた 次は重量増やしてチャレンジする,運動・健康,positive
20d89664-9394-4ba9-abf4-9adc8c8d2bb8,2025-10-24,誇り,8,ジムで困っている人を助ける,ジムで出れない人がいたので自分が開けて助けてあげた 最初は行動しようか迷ったけど行動出来て良かった 人助けするといいことしたという気持ちになってすごく気分がいい 自己肯定感上がる 前は人助けしようかなと思って行動できないこととかあったので行動出来て良かった,社会活動,positive
42b304f0-242a-4dec-b8a3-ec9266c0f9f0,2025-10-24,平静,6, 30分の仮眠,眠くなって30分仮眠した やっぱり今日の睡眠はそんなに良くなかったみたい でも朝早起きしたのでジムも行ったしCCNAの勉強もできたし満足,運動・健康,neutral
41fdc331-d4e0-4749-9461-dd6630c3c7f1,2025-10-24,満足,7,筋肉痛の肯定的解釈,胸と肩が筋肉痛だ 常に痛いけど筋肉を大きくしたいのでこの痛みも全然許容できる,運動・健康,positive
54a990a2-c85f-4949-a93d-7e9243db5489,2025-10-24,楽しさ,7,友人との約束,今日は友人と遊ぶ 雨降る予定らしい 雨嫌,家族・友人との時間,positive
849e15b6-680e-4b33-b9bc-ce3339e9bad6,2025-10-24,満足,8,まぜそば大盛りを食べる,まぜそばを食べた 美味しかった 大盛りで最初食べられるかなと思ったけど案外行けた 注文してないお肉もついててラッキーだった 半ライスが無料でついてきて頼んだけど半ライスは要らなかったな おなかいっぱいでしんどかった でもめっちゃ美味しかった,その他,positive
9669735c-17e6-4e29-95a6-7182352aeff0,2025-10-24,楽しさ,9,親友とのたわいない会話,"友人とたわいのない話をした そういう話がいちばん面白い 俺のボケにもつっこんでくれてめっちゃ楽しかった 親友と遊ぶのはやっぱり楽しいな
",家族・友人との時間,positive
e03022a6-84dc-4a1a-91b6-ed5b7b7d52c5,2025-10-24,罪悪感,8,AV観賞, 友人と遊んでから時間ができたのでAVを見てしまった 2時間ぐらい見てしまって凄く時間を無駄にしたし、罪悪感がすごい 明日の睡眠が悪いものになると分かっていたのに見てしまった 最悪,趣味・娯楽,negative
2668edb0-95af-4cc6-8aa5-577391fc7548,2025-10-24,希望,8,アダルトサイトのアクセス制限設定,AVを見ないような仕組み作りをしないといけないな iPhone で成人向けWeb向けサイトを制限の設定をやってパソコン: Chromeの拡張機能「BlockSite」 を設定した これでアダルトサイトにアクセスできないようにした,創作活動,positive
e0bfde7c-878e-4410-b418-def9e48a20af,2025-10-24,誇り,6,AV視聴後の入浴,お風呂も入った いつもはAVを見たらそのまま寝ることが多かったのでそのめんどくささに打ち勝った,休息・リラックス,positive
afa3d784-41c5-49c4-b34f-56d7537001b5,2025-10-24,満足,6,キーボード設定の修正, Windowsでスペース押しながら英字入力すると小文字になる といういつもと違う動作をしていたので調べてスペース押して入力したら大文字になるように設定した キーボードで Shift + Caps Lock を同時押し。 という簡単な動作で解決できたので良かった 調べることって大事だなと思った,創作活動,positive
e3009b77-1c0c-4412-83e8-d93e906b5a0f,2025-10-24,満足,6,就寝前の準備,歯も磨いたし炊飯器も洗ったしあとは寝るだけだ,休息・リラックス,positive
dd36a4e0-d401-42fd-885d-9775588b7e84,2025-10-24,興味,7, 富士山登山の調査,友人が富士山に登山したいと言っていたので富士山について調べてた 装備を購入しないといけないのかなと思っていて1回しか使用しないのにもったいないなと思っていたらフルレンタルできるらしいので安心した 新宿から富士山5合目まで直通のバスが出ているので凄くアクセスはよさそうだった,趣味・娯楽,positive
2e2216be-2fee-46cf-ad3a-431f7aba836c,2025-10-24,希望,7,登山に向けた体力作りの計画,あとは7~8時間登るので体力と高山病や頭痛に気を付けないといけないなとなった 今の自分の体力では徒歩ですぐに疲れてしまうので体力をつけていきたい 登山可能時期が7月から9月までなので登山するにしても来年になる それまでには体力をつけていきたい,運動・健康,positive
24e1c4ce-dc09-4da6-b3a9-4bd3beaf210e,2025-10-25,喜び,8,体重・筋肉量の測定,体重測定をしたら67.1㎏でここ最近で一番体重が重かった 目標の68㎏まで頑張って増量していきたい 筋肉量も増えていたので筋トレの成果が出ていてうれしかった,運動・健康,positive
2e65948e-3e12-4e0e-be4c-e8528b107427,2025-10-25,混乱,6,就寝前のスマホ使用への気づき,23時ぐらいに寝た 22時から20分ぐらい布団の上で携帯を触っていたので布団に入ったらスマホロックをしていきたい,休息・リラックス,negative
1cade59d-b2ae-4709-93e6-8aaff4b18bd9,2025-10-25,混乱,6,睡眠の質と疲労感の分析,睡眠効率は92.8%でスコアは高かった けど昨日ベンチプレスとAVを見てしまったので疲労感が残っていてあまり寝起きが良くない ベンチプレスした翌日の睡眠とAVを見た翌日の睡眠はどっちもよくないので今回、どっちが睡眠を悪くしているかわからない 睡眠効率は92.8%で高いのでそこは素直に喜ぼう,休息・リラックス,negative
eebbc9bb-0ae4-424f-9d5e-2e300730971b,2025-10-25,満足,6,朝の電車で座席確保,今日は出勤だ 朝の電車で座れた ラッキー,その他,positive
7381b619-73b8-4919-9f1d-ceef65208b57,2025-10-25,満足,7,音楽なしでの移動に慣れる,最近は音楽聞かないでも大丈夫になってきた 前まではずっと音楽聴いてたけど聴きすぎてちょっとストレスになってたかもしれない 今はそのストレスからも解放されていい感じ,その他,positive
c2b469f9-3f3c-46fb-8d4b-c76db926c479,2025-10-25,満足,7,新人への丁寧な指導,職場で新人の教育をした 時間かかるけど暇では無いので良かった 時間が新人の時にメモとる時間あってありがたかったのでその時間を取るようにしている なるべく急がせないようにゆっくりでいいからと声をかけている,仕事・勉強,positive
a05def2a-eb2c-4b99-8c49-07476332fc70,2025-10-25,誇り,7,効率的な教育手法の開発,今は、あまりコミュニケーションが取れてないので取っていきたい メールのルール設定を新人に教育して最初は口頭で伝えていたが伝えるのがめんどくさくなって途中から調べてルール一覧を表示させてスクリーンショットで共有して伝達ミスと自分のやることを減らした 最後の方は結構コミュニケーション取れたので良かった,仕事・勉強,positive
5e870f26-927d-4c32-b97b-ac412616e46d,2025-10-25,誇り,8,仕事終わりの直接ジム通い,仕事終わりに直接ジムに行った ちゃんと筋トレしたぞという自己肯定出来た 仕事終わりに行くなんて偉すぎる,運動・健康,positive
9c8b737a-5ea9-41a0-838a-6fa99cfcb7ba,2025-10-25,怒り,8,退職届の再度訂正要求,また退職届の訂正がきた めんどくさすぎる イライラする だるすぎる 修正作業をやった めんどくさかった,仕事・勉強,negative
6ac5da6b-7e33-4ac4-882b-e4fa043a945f,2025-10-25,怒り,8,炊飯器内のゴキブリ対処,"炊飯器の中にゴキブリがいた まじでイラっとする ゴキブリ家からすべていなくならないかな 引っ越ししたい
",その他,negative
72065a63-af7c-4a19-ae6d-946e6c3e339f,2025-10-25,満足,7,筋肉痛の肯定的解釈,腕と胸が筋肉痛だ すごく動かしずらいけど身体を大きくしたいので我慢する,運動・健康,positive
d5e6aaaa-b38f-4223-a20e-a57bdd4724ad,2025-10-25,混乱,5,安価なサランラップの使用感,100均で購入したサランラップが使用しづらい めっちゃ不便 サランラップはちゃんとしたやつを購入しよう,その他,negative
032b881e-cbcd-423e-a4b3-dd832feb3d45,2025-10-25,誇り,8,CCNAの勉強,CCNAの勉強を仕事終わりに10分やった えらすぎる この調子で頑張っていきたい,仕事・勉強,positive
9453d996-d490-4900-a6b5-541379d3ba44,2025-10-25,誇り,7,就寝前の習慣実行,今日もお風呂入って歯磨きして炊飯器洗った 偉すぎる,休息・リラックス,positive
3cc3490e-e87a-453f-bddd-039249295b94,2025-10-26,満足,7,入眠時のスマホ制限効果確認,"今日の睡眠は入眠までに1時間かかった 結構時間かかったのでしんどかった でもいつもは入眠できなかったらスマホを触ってしまってさらに遅くなるという事があったが今回はスマホロックをしていたので触れずにおとなしく目をつぶっていたので1時間で済んだと思っている
",休息・リラックス,positive
cec69ec2-201c-4b26-9fe3-9e06551cdd96,2025-10-26,満足,7,睡眠データの分析と二度寝なし, 睡眠スコアは昨日より低かったが快眠スコアは昨日より高いスコアだった 中途覚醒も２だった いつもは6時半ぐらいに起きて二度寝しているが今回は二度寝しなかった ちゃんと寝れたってことなのかな,休息・リラックス,positive
857ce97d-a399-48a6-89d1-2d3fa122eb68,2025-10-26,悲しみ,7,元彼女からの美容液使用時の回想,元カノからもらった美容液を使用していてそろそろなくなりそうだなとおもったときに元カノのことを思い出してしまって悲しい気持ちになった,家族・友人との時間,negative
fa81ea7f-9c9e-4972-a303-3273117ce7ec,2025-10-26,疲労,7,雨の中での出勤準備,仕事行きたくない めんどくさい 雨の中出勤したくない だるい,仕事・勉強,negative
47929eb3-fe84-4cdd-bb4b-1d39305663e2,2025-10-26,リラックス,6,雨音を聞く," 雨が傘に当たる音は聞いていて心が落ち着く
",その他,neutral
5d4308d5-db4e-468b-82aa-be7a450cb810,2025-10-26,満足,6,朝の電車で座る,休日だから朝の電車座れた ラッキー,その他,positive
4f32fd82-804d-4261-b979-b70d380390ad,2025-10-26,疲労,8, 山手線運転見合わせへの対処,山手線で運転見合わせで電車が止まった 会社遅刻したわ 電話するのもめんどくさいし、乗り換えもめんどくさい 乗り換えしないといけないのに体が動かない,その他,negative
b336ceb9-25a5-45de-8736-727cff888e21,2025-10-26,平静,6,遅刻確定後の心境変化,原宿で止まったので乗り換えした もう遅刻は確定だ もう仕事辞めるしいいや どうでも良くなっちゃった 遅刻の電話もした,仕事・勉強,neutral
dd6a2d9a-7cd2-4ef0-b236-1bc7efab19c4,2025-10-26,楽しさ,6,普段と違う電車での通勤,いつもと違う電車で出勤はワクワクする気持ちもある 今日は休日で電車も空いてるから気が楽  混んでなくて良かった,その他,positive
afed8118-c06c-45c0-8895-ad181ab60379,2025-10-26,平静,7,職場でのトラブル対応,仕事だった 今日はトラブルが起きたけどすぐに収束した 前はトラブル起きたら凄くストレスだったけどあともう少しで辞めるという状態なのでストレスを感じなくなった,仕事・勉強,neutral
c26c88a3-ff84-428b-8d23-e52970afb4c5,2025-10-26,疲労,6,仕事中の居眠り,今日は仕事中凄く眠くて何回か寝てた 6時半に起きたからかな,仕事・勉強,negative
7dc4a4db-bb15-453e-8533-80fb25ca2dd5,2025-10-26,疲労,5, 靴下が脱げることへのストレス,歩いてると靴下が勝手に脱げてすごくストレス  靴下は捨てないとな,その他,negative
2974b821-5dae-4681-b8a4-ebda10d48da6,2025-10-26,誇り,8,仕事終わりのジム通い,今日も仕事終わりにジムに行った 偉すぎる よく頑張った,運動・健康,positive
51141878-2d1a-4a3c-9fe7-763e4d7a70fb,2025-10-26,満足,6,鯖缶の開封,鯖缶の蓋が硬すぎて開けるのにめっちゃ苦労した 諦めようと思って最後に思いっきり力入れてやったら開いたので良かった,その他,positive
e992d933-0001-4dc0-900f-d4dc4cb5d2a7,2025-10-26,安心,6, 腹痛時の自宅での安心感,お腹痛くなってきた 家にいるときでよかった いつでもトイレに行ける安心感が大きい これで仕事とか用事があって外出とかだったら不安だったのでよかった,運動・健康,positive
f5b281e7-a030-4c58-abf5-ec8241be7db6,2025-10-26,興味,7, 自分の感情変化の観察,最近はネガティブな出来事あっても前よりかは怒りとかイライラすることが減った まだたまに怒りとかイライラすることもあるけど持続時間も回数も減った気がする,その他,positive
2a63f3e4-5506-404f-9fd3-8939267e644a,2025-10-26,誇り,6,洗濯作業,洗濯をやった めんどくさいけどよくやった 偉い,その他,positive
8d5df762-d762-496f-b2c4-cbf6aa4273af,2025-10-26,誇り,6,食事の準備,ご飯作るのもだるかったけどちゃんと作った 偉い,その他,positive
751ae7da-423f-4783-8d16-b92e4005b25b,2025-10-26,誇り,8,CCNAの勉強,今日もCCNAの勉強を10分やった 偉すぎる,仕事・勉強,positive
0df74349-58b0-4c8f-9a53-7fd2e1622932,2025-10-27,興味,7,睡眠効率と快眠スコアの関係分析,今日の睡眠は睡眠効率は93%で快眠スコアが64.6pointsだった 睡眠効率は良かったけど起きたときはすごく疲れがあった 快眠スコアがいつもより低かったのでそのせいかも なので睡眠効率よりも快眠スコアを見るほうが大事だなと思った,休息・リラックス,positive
56ae1e2d-3e60-40b1-8fb4-d8bf60d00c51,2025-10-27,混乱,8,転職先からの案件内容確認,"転職先から案件紹介された 
３回あっても全然いいんだけどこの間年収380万に下がったので下がったので夜勤はやりたくない 最初は自分は年収400万ということで入社して夜勤は入れますかという質問も年収400万円貰えるならという条件込みだったのでほんとに入りたくない",仕事・勉強,negative
db94b48a-d36e-4838-a97b-9fb20cea583c,2025-10-27,不安,7,転職先の条件検討,しかも変則シフト有りで土日休みじゃないので11月30日のライブに仕事の可能性があるからやりたくないな 大手生命保険会社なのですごくルールに厳しそうでやりたくない ひとついいことあるとしたら東陽町なので1本で出勤できるぐらいかな 断りたい どうやって断ろうかな,仕事・勉強,negative
a0137b33-130f-4cdb-bdbf-78eb91bca890,2025-10-27,恐れ,8, 夜勤NGを伝えることへの恐怖,転職先に夜勤NGということを伝えるのしんどいな きついな 自分の気持ちを伝えるのがほんとに苦手 前からの自分の課題で結局自分の気持ちを伝えずに自分が我慢して苦しくなるんだよな,仕事・勉強,negative
8a661f42-842a-470c-ba40-cf3039693558,2025-10-27,不安,8,転職先の反応への心配, 転職先に夜勤NGといってなにか言われそうと恐れの気持ちがある 例えば面接の時に夜勤は問題ないと言ってたよねとか自分のスキルが低いのに案件先を選んでいる場合じゃないとか案件を選びすぎなので紹介できる案件がないため辞めてもらうとか怒られることとかいろいろネガティブな考えが浮かんでしまう,仕事・勉強,negative
31c41718-f156-48eb-b304-1fcf7a04931b,2025-10-27,怒り,7,論理的な反論の構築,文字にしてみてみたら段々ムカついてきたな なんで俺がネガティブな気持ちにならないといけないんだよ 冷静に考えてみよう 面接の時に夜勤問題ないと言ったことについてはそっちも最初400万円と言っていたのに380万円に下げたよな,その他,negative
22d54f3f-1b5c-4712-b483-95f216cae106,2025-10-27,満足,6,日記の継続確認,"日記も2週間以上続いている 続いているという事で小さな達成感がある
",創作活動,positive
6dcdb02e-061c-46be-9ea9-bc1e6429e2fe,2025-10-27,満足,7,腕トレ効果の実感,昨日、腕トレをやったので何もしてなくても腕が筋肉痛で痛い 嬉しい この調子で頑張って腕を太くしたい,運動・健康,positive
286bc7ab-013f-4e4b-954a-b71e49b552f3,2025-10-27,誇り,8,合理的な主張の整理,俺は年収400万だった場合は夜勤は問題ないと言ったのであって年収380万円で下がってまで夜勤やらないといけないんだよ 自分のスキル低いのに案件先を選んでいる場合じゃないについては面接であらかじめ、自分のスキルについては噓偽りなく伝えて、それでも内定出したのはそっちだろ それについては転職先が承認しただから知らん 最悪クビになるについてはいいよ,その他,positive
29a418b3-2a3a-4860-bc13-d46bd8cb8377,2025-10-27,安心,7,CCNAの勉強,CCNAの勉強を10分やった 少ない時間でも継続が大事だと思うので少ない時間でも毎日勉強していきたい,仕事・勉強,positive
cbdb581c-b734-4eed-898b-4b9bc2663727,2025-10-27,疲労,6, 退職前の挨拶準備,今日の出勤が一緒になるメンバーもいるので最後の挨拶をしないといけない めんどくさいな 別れの挨拶なんていらないでしょ 俺がいなくなっても何も変わらないんだから 嫌だ 憂鬱だ,仕事・勉強,negative
183876f7-ff36-421d-9b47-e7f83303c9c7,2025-10-27,喜び,9,転職先への意思表明,よし 転職先に紹介してもらった夜勤有りの案件断った よくやった まじですごい 自分の気持ちを言えた 凄く高揚感がある よくやった これでどうなるかわからないけどとりあえずは自分の気持ちを伝えることが大事だと思うので伝えてよかった,仕事・勉強,positive
75d4aebe-6ef6-4792-a0f5-819d6919aeeb,2025-10-27,誇り,9,過去との比較による成長確認,過去に自分の気持ちに素直になれずに後悔しているのでその後悔を繰り返さないために今回はしっかりと自分の気持ちを伝えた 自分も成長しているなと思った よくやった,その他,positive
9bac5c62-1bc4-479e-be38-53f86bd92775,2025-10-27,喜び,9,夜勤終了への期待,今の職場での夜勤が最後だ めっちゃ嬉しい 今日はいつもより2人多いし、仕事も少ないだろうな 夜勤は出勤前に時間に余裕があるのでそこだけは良かった,仕事・勉強,positive
aed839c0-4f8d-465b-b76a-432ae807c543,2025-10-27,満足,7,電車で座席確保,今日も電車座れた 夜勤で16時なので朝の通勤ラッシュよりかは人少ないからだ こういう小さい幸せをかみ締めて行きたい すごく幸せ,その他,positive
fb4662ba-e3a9-49f2-bc1c-e81c6bef260e,2025-10-27,疲労,7,夜勤での忙しい業務, 今日の夜勤もちょっと忙しい 長時間暇な時がなくてちょっと暇な時間できてはメッセージが出て対応という形でだるい 仕事したくない,仕事・勉強,negative
4f50c87f-2b0e-4785-8aba-3cd1a4481836,2025-10-27,疲労,7,転職先との交渉継続,転職先からたまにある夜勤対応可能なのに夜勤NGは話が違うと言われた 年収400万だったらたまにある夜勤も対応できるけど年収380万円に下がってるのに夜勤はやりたくない めんどくさい またその内容を伝えるのだるいな めっちゃ勇気がいるのに,仕事・勉強,negative
92f0b8c7-3635-4932-9c95-9162b6171ea5,2025-10-27,誇り,8, 2回目の意見表明,年収400万だったらたまにある夜勤も対応できるけど年収380万円に下がってるのに夜勤はやりたくないみたいなことを伝えた 1回伝えるとハードルが下がってどんどん自分の意見を言えるようになってきた 前ほど伝えるのに時間がかからなかった,その他,positive
9a87ac3d-51fc-4306-807d-0b2f2d75d9d2,2025-10-27,平静,6,最悪のシナリオへの受容,もうめんどくさいからクビにしてくれないかな そしたら新しい職場を埼玉で探して埼玉に住むから,仕事・勉強,neutral
c379ed16-f8ac-48d7-9d78-932c1e04c18b,2025-10-27,興味,7,東陽町案件の条件確認,東陽町の案件は年収400万円らしい それならたまにある夜勤も行けるわ 遅番と夜勤で月に1-3回程度の変則シフトだからそんなに夜勤が多くないし、夜勤あっても8時間で終わるので今と比べたら楽勝や 年収400万円ならたまにある夜勤も全然いいよって感じ,仕事・勉強,positive
5c968b0a-4d72-417b-8a1e-3211252648d8,2025-10-27,悲しみ,8,過去の幸せな瞬間の回想,ひなちゃんと一緒に布団でゴロゴロしてたことを思い出してしまった あの瞬間が1番幸せだったな あーしんど,家族・友人との時間,negative
33d6e806-89a4-429c-b175-92ceb3ba2a6d,2025-10-27,希望,9,現職での夜勤業務完了,今日、最後の夜勤が終わった めっちゃ嬉しい 最高だ,仕事・勉強,positive
83323dbe-c9f1-45d2-90d0-11fb92fd8c44,2025-10-27,喜び,8,ライブ参加への道筋確保,あと転職先が12月からにして欲しいと言ったら おけと言われたので12月からだ これでニアジョイのライブ当たったら確実に行ける 当たりますように,趣味・娯楽,positive
f5b017cf-76e9-4a24-ab31-4c981f75d25e,2025-10-28,悲しみ,7,加藤純一の動画を視聴していた,加藤純一のマイクラ実況を見た ハードコアチャレンジで何回かハードコアチャレンジして失敗していてそのたびに新しい動画を楽しみにしていたので今回はラスボスまで行っていて終わりが近いと思うと寂しい,趣味・娯楽,negative
5ae26e2b-9bc5-4ccd-98ea-5f767ceeec58,2025-10-28,楽しさ,8,加藤純一の動画を視聴していた,ラスボスのダンジョンで水を無言でたくさんまいていておもしろい パニックになっているのを見ているのは面白い,趣味・娯楽,positive
2e31783f-9db3-4c10-88cd-be6627570919,2025-10-28,喜び,9,加藤純一の動画を視聴していた, ついにラスボスを倒して拍手した ついにクリアしたんだと感動した 5年くらいかかっていたので毎年見るのが楽しみになっていたけど今回でクリアしたのでこれで最後と言っていたので寂しい,趣味・娯楽,positive
2d56949c-1214-4f90-9d87-e0caf6009253,2025-10-28,満足,8,加藤純一の動画を視聴していた,加藤純一のマイクラシリーズ好きですべて見ていて凄く感動した 俺もマイクラのハードコアシリーズでやってみたくなった 余韻が凄く残った,趣味・娯楽,positive
0dc5e743-ae1e-49a4-8eba-26eee7f8e062,2025-10-28,満足,7, 照明の自動化設定,いつもリモコンで20時になったら常夜灯を付けていたがめんどくさいのでアレクサで毎日20時になったら常夜灯オンにするような定型アクションを設定した これで自分が楽になるし、20時になったからそろそろ寝る準備するかとわかりやすくなるので便利になると思う,創作活動,positive
caebc4e6-e7d2-4189-b909-0cd0fbb681d6,2025-10-28,誇り,7,延期していた工事予約,インターホンの工事の予約をずっとしてなくて手紙が大量に来ててやらないとなと思っていたけど今日は予約できた すっきりした よくやった えらい,その他,positive
3ba7263f-9a92-460a-af6a-9c8b921b052e,2025-10-28,混乱,7, プール行きの検討事予約,プールに行こうか迷っている 行った方が絶対に気分がいい気分になることは分かっているけど行くのがだるい プールまで行って水着きてお金もかかるし、だるい 頑張れ まじでプールめんどくさい 行ったほうがいいことたくさんあるのに行動するのがめんどい,運動・健康,negative
c4606a7f-8dbb-4788-a5a7-bb92f12e4ccc,2025-10-28,リラックス,6,外出時の夜風体験,夜風が気持ちいい,その他,neutral
75451094-07ec-49e2-a8cb-ed78b4c07b68,2025-10-28,誇り,9,400m水泳の実行,プール行った めんどくさいに打ち勝って行った 素晴らしい 今日は400m泳いだ キツかったけど清々しい気分になった 泳いで良かった ちょっとキツいことにチャレンジしていき自分を律して行動していきたい,運動・健康,positive
fbdbcc64-7805-40ec-a902-2412c85eb9ec,2025-10-28,満足,6,CCNAの勉強 ,CCNAの勉強を5分やった 頑張った 今日は夜勤明けなので軽めにした 夜勤明けであまり睡眠がとれなかったのであまりやる気が出なかった 今日は早めに寝て明日以降に備えようた 泳いで良かった ちょっとキツいことにチャレンジしていき自分を律して行動していきたい,仕事・勉強,positive
00459b09-0e56-4c96-9ad4-26e1cf0fcaa4,2025-10-28,希望,5,高級バニラアイスの検討,高級バニラアイスを食べたい 今度調べて購入しようかな,趣味・娯楽,positive
b064103b-5d63-4714-a57e-8ba985d79398,2025-10-28,満足,7,就寝前の習慣完了の検討,"風呂入ったし歯も磨いたし炊飯器も洗った 寝る前のルーティンが湖底になってきた
",休息・リラックス,positive
83f16649-2856-461f-b5a8-05bb254023d4,2025-10-28,疲労,7,翌日の面談準備, 明日は東陽町の面談があるらしい 16時半から事前面談で17時から本面談らしい めんどくさいな 給料出ないのにやるのめんどくさい 絶対に行きたく案件ではないしな だるすぎる オンラインなのは楽でありがたい,仕事・勉強,negative
54e00468-ee47-484e-b85b-479bb20210ec,2025-10-28,楽しさ,8,恋愛漫画動画視聴,恋愛漫画の動画をみた ヒロインが可愛い 絵柄がかわいい 主人公の男の子が冗談で結婚しますか見たいなことを言ってヒロインがその言葉を待ってました見たいな表情がとてもかわいかった そしてヒロインが主人公の男の人に自分の気持ちを素直に伝えていて凄く感動した,趣味・娯楽,positive
88263f50-708b-4a59-b330-1cd26eb49082,2025-10-29,混乱,6,睡眠の質と前日の運動の関係分析, 睡眠計測アプリだと数値は良かったけどあまり寝た感じがしない 昨日はプールやったので疲れすぎて回復しなかったのかな,休息・リラックス,negative
86cb7853-2ffc-40e1-a19d-1f0ba04066ec,2025-10-29,満足,6,睡眠の質と前日の運動の関係分析,9時過ぎに起きた 最近の休日より起きるのが遅かったけど午前に起きたので良かった,休息・リラックス,positive
216eeacd-32b3-45d6-a817-725533804884,2025-10-29,混乱,7,体重・筋肉量の測定,体重が65㎏に落ちていてもっとちゃんと食べないとな なかなか筋肉量が増えない 体重と比例しているので体重が減っても筋肉量は減らないようにしたい,運動・健康,negative
e72b5b02-9bf6-4aa0-aea3-97d7eac2ba95,2025-10-29,疲労,6, 一日の活動への意欲低下,ジムに行くのがだるい 外出るのがだるい 今日の面談もだるい 頑張れ 負けるな,その他,negative
d282f6c2-bd16-4b72-a150-7fbce1434098,2025-10-29,悲しみ,8, LINEで誕生日リスト確認時の回想,LINEを見たらもうすぐ誕生日のリストに橋本の名前があった それを見て過去の楽しかった思い出が蘇ってきた あの時は電話とかもめっちゃしてたし、相手も自分のこと好いてくれてるという確信があったから楽しかったな また会いたいな,家族・友人との時間,negative
04bf755c-ab05-4f3d-ac70-c1cc21f73f58,2025-10-29,満足,8,バーベルスクワット70kg×3セット,"バーベルスクワットを70kgで上げられた 脚とかは大丈夫だけど腰に負担がすごいくる 今日はとりあえず目標だった70kgを3セットやって次回からは重量を落としてフォームや、スピードをゆっくりやって負担をかけていきたい
",運動・健康,positive
69714ef0-c624-44a6-a0b0-1fd300aae3a1,2025-10-29,興味,7, スクワットフォームの改善,バーベルスクワットを70kg3セット終わった まだ重量上げても行けそうな感じだった 最初の2セットはやってて腰が痛かったけど最後のセットは目線を前に向けてなるべく垂直に下ろすようにしたら腰が痛くならなかった このフォームでやればまだ重量上げても行けそうなので次はもう少し重くしていきたい,運動・健康,positive
982a66cf-8f4f-4b18-851f-2db06b4ba20c,2025-10-29,不安,8,面談への不安による集中力低下,今日はなんかやる気でないなと思った理由が今日の16時半から面談があり、それが不安でずっと考えてしまい何もやる気が出ないんだと思った その不安を消すためにめっちゃAV見たい気持ちがある 要は現実逃避したいだけだ はやく16時半にならないかな はやくこのモヤモヤをなくしたい どうせやったらやったで何事もなく終わるんだから,仕事・勉強,negative
eef94b13-b217-450c-baec-d098cce4c8a0,2025-10-29,誇り,6,催促された勤怠登録,勤怠登録の催促がきた めんどくさいな 勤怠登録した よくやった 偉い,仕事・勉強,positive
438f696e-fe88-4a48-9aa8-e745bed804ef,2025-10-29,疲労,6,面談時間設定への反省,面談とか午前中がいいな 16時半とかだと中途半端で終わるまで気になって何も行動する気力がわかない,仕事・勉強,negative
b3cf8690-5241-47a0-8361-c12f3052d9f2,2025-10-29,誇り,7, 面談前の家事実行,面談前にスーパーに買い出しに行った めんどくさいけど頑張っていった 偉い それから帰って洗濯物を取り込んだし、防カビもセットした 良く行動した 洗濯もやった 干す作業がめんどいけどよくやった 偉い,その他,positive
6a66ad00-d50c-45eb-b489-2b76953c0fd2,2025-10-29,不安,8, 面談10分前の心境,面談めんどくさい 早く終わらないかな モヤモヤするよ 早く終わらせてすっきりしたいよ あと10分後に面談だ 俺は今、緊張しているんだ 何を聞かれるのか分からないということと今後自分が働くかもしれない職場ですごく劣悪な環境だったらどうしようとか上司が自分と合わなかったらどうしよみたいなネガティブなことを考えてしまう,仕事・勉強,negative
e613dea7-0fef-44a8-a0d1-075ad0277bc2,2025-10-29,混乱,6,面談での説明準備,面談で合わないと感じたら営業に無理そうですと言えばいいけどちゃんとした理由がないときつそうだしな 感覚だけだと説得力がないからちゃんと言語化しないといけないよな めんどくさい,仕事・勉強,negative
573c7454-be76-4db2-9366-8f2153252ca0,2025-10-29,疲労,6, PCカメラ不具合への対処,面談をやった 事前面談でPCのカメラが映らなくて色々設定をいじっていたけど結局直らなかったので携帯から事前面談をやった 概要説明をされたときに夜勤は多くて月に1回と言われたので月に1回ぐらいなら耐えられそう,仕事・勉強,negative
81ebe51d-5481-4a54-9945-2cc3039fe850,2025-10-29,満足,7, 4人での合同面談参加,面談だった 候補者4人ぐらいでの合同面談だった 候補者の1人の中年のおっさんが凄く経歴で自分の浅い経験じゃ太刀打ちできなかった JP1というのを使用していてそこで緊急時のジョブの追加作業なども経験していて高度なことをやっていた 自分はデータに内容を伝えるだけだったので凄いなと思った,仕事・勉強,positive
855acc20-66c8-460b-b3da-6f8bf6bc5d95,2025-10-29,満足,8, 4人での合同面談参加,自分の経歴紹介ではとくに緊張せずに特に何も考えずに思いついたことをぺらぺらと話した 質問にもちゃんと返せたし、4人の中では一番明るい感じで話せたと思う 多分受かるとしたらその経歴がすごいおっさんが第一候補でその次に俺かなという楽観的に見てる,仕事・勉強,positive
4205ed4d-1d28-43ba-b7db-f383953c985a,2025-10-29,平静,7,面談結果への心境整理,でもそんなに絶対行きたいといいう職場ではないので落ちてても特に気にしないから いざ面談とかになると自分では話せているという感じにはなるのでそこは良かったかなと思う 外部の評価的にはどうなっているのか分からないがそんなことを気にしてもしょうがないし、外部の評価は変えられないので自分が話せたと思えばいいのではないかという考えになっている,仕事・勉強,neutral
de4bfcf9-de95-4359-a4d3-e040a8fea583,2025-10-29,満足,7,面談全体の振り返り,そう考えると今回は自分的には良かったのではないかと思う あとは結果待ちや このあとラインで所感回答しないといけないのかめんどくさい,仕事・勉強,positive
e4446e5c-92df-4c46-aa46-dc149fa41803,2025-10-29,満足,6,面談後のフィードバック回答,こんな感じで転職先には回答した 年収400万円なのでめっちゃ嫌っていうわけではないのであとは結果だけや,仕事・勉強,positive
2cdf5234-af41-43a5-a3ad-5294a403f2f8,2025-10-29,喜び,8,カメラ設定問題の自力解決, PCのカメラが起動しない問題を解決しようとAIに聞きながら色々設定を触っていた 30分ぐらい触っていて設定のカメラの詳細オプションの基本カメラをオンにするを触ったらカメラが起動するようになった Zoomやグーグルミートも面談で起動しなかったので自分で会議を開催して確認したらどっちとも起動したのでよかった メッチャうれしい 自分で試行錯誤して解決したのでうれしい 携帯で会議参加するの不便だったので良かった,創作活動,positive
129fba42-45f8-486d-b8c3-371c5abe3207,2025-10-29,興味,6,恋愛漫画視聴での自己投影,恋愛漫画を見た 自分の気持ち、やりたい行動があるのに実際には違うことをやっていて自分も同じ行動してたなと主人公を見て思った,趣味・娯楽,positive
38a7e941-9203-4ac7-9fbd-b1522f763efe,2025-10-29,誇り,6,CCNAの勉強,CCNAの勉強を5分やった 勉強するのがほんとに苦痛 めんどくさいけどちゃんとやった 頑張った,趣味・娯楽,positive
7ea1030c-6001-44d7-99e9-7b9ac7c0f4fc,2025-10-30,疲労,5, 7時半に起床,めっちゃ寝たなという感じはしなかった,休息・リラックス,negative
f618c918-a69d-4f2e-8e46-f2646d2122e6,2025-10-30,退屈,6,筋トレ前の気持ちの整理,"朝から筋トレするのめんどくさいな
寒いから外出たくないな
今日は胸の日だからきつくてやりたくないな
",運動・健康,negative
8ab4306d-6642-4fd6-99b4-1e18bdfdf64a,2025-10-30,混乱,7,衝動と自制心の葛藤,"めっちゃAVを見たい
どうしよ
今日で見てない日が5日で記録開始してから最高記録
このまま見ない日を継続していきたい気持ちもある",その他,negative
346834ff-42c7-464f-acf5-34af320cf07e,2025-10-30,不安,7, ベンチプレスを実施,"右肩の内側に違和感があってあまり、重量が上がらなかった
違和感があったのでベンチプレスだけやって終わりにした
",運動・健康,negative
e9c724b4-1a16-4f36-9d8c-beae439a0568,2025-10-30,誇り,7, 朝からジムで運動完了,朝からジムに行って運動したので自己肯定感上がる,運動・健康,positive
bec0c3c7-386d-4ab6-a0f6-3192e8c7646c,2025-10-30,喜び,7,昨日（10/29）の出来事をポジティブ・ネガティブに分類,"昨日はネガティブな方が多いかなと思ったけどポジティブな方が4個多かった
意外だった
ポジティブな考えのほうが多くて嬉しかった
",その他,positive
a0569bd2-4195-4f74-9f17-196a94f39064,2025-10-30,恐れ,9, Claudeに昨日の思考を投げて自己分析を受ける,"橋本さんに未練が残っていて会いたいのに連絡していない
実際に思っていることとやっていることが違うことが課題だと指摘された
願望だけで実際には行動に移してないと言われた
行動するのが怖い
橋本さんと連絡していたの3月とかで8か月も経っている
もう相手には彼氏ができているかもしれない
今更連絡して何の用みたいな感じで冷たく言われたら俺のメンタルがもたないかもしれない
ネガティブな考えが浮かんでしまう",その他,negative
51357d3b-b617-4ed2-9bd4-8c151b5de068,2025-10-30,混乱,8,橋本さんへの気持ちと理想の自分との矛盾に悩む,"俺の気持ちははっきりしている。橋本さんにもう一回会いたい
でもなんか俺からすがっているみたいでなんか嫌だ
俺の理想の姿は去るもの追わず、来るもの拒まずというスタンス
その方がかっこいい感じするし、一人の女性に執着するのはださいなと思ってしまう
どうやったら橋本さんに対しての未練が無くなるんだろう",家族・友人との時間,negative
14c3550d-185f-4287-93c1-2e2cf6a03a24,2025-10-30,平静,5,橋本さんとの違いを探るため過去の女性との関係を振り返る,"高校まで好きだったOさんはめっちゃ好きだった
中学の時に告白して振られたけどそれでも好きでアピールしてた
その結果、めっちゃ嫌われたけど
行動しまくっていたからあまり過去に戻ってやり直したいとかは思わない
時間が経っているので気持ちの整理がついている
結婚したと聞いたので不倫するつもりはない
多分、今あっても性格的に合わないだろうなと思うので未練とかはない",家族・友人との時間,neutral
7a96c766-1a4e-42d9-b7dc-a8328429eb30,2025-10-30,平静,4,カラオケバイト時代の恋愛を振り返る,"カラオケのバイトで出会ったSさんも好きになっていた
自分より8個ぐらい上でシフトが被ればずっと話していた
その時間が凄く楽しかった
割と素で話せていたし、好きで相手も自分のこと嫌ってはないし、どちらかと言えば好きよりではあった気がする
でも相手には彼氏がいたし、8個上でバイトだったので将来結婚とかなったら自分が養わないといけないし、そこまでする気持ちにはならなかった
バイトの備品を盗んで売っていたという話を聞いて、気持ちが完全に冷めた
今、会っても犯罪を犯したわけだし、同じようなことをするのではという信頼できない
",その他,neutral
0af8c462-ab18-4dd4-8ad1-f964b857745d,2025-10-30,興味,6,最近の元カノとの関係を振り返る,"この人はたまに会いたいなという気持ちにはなる
けど連絡する手段がないし、価値観が根本的に違うのでもう一回復縁してもまた同じような理由で別れると思う
ひなちゃんには割と自分の気持ちを伝えたし、多分これ以上は行動してもむりだろうなという確信がある
もう一回付き合う気にはならないかな
まだ時間が経ってないのであの時は楽しかったないい経験になったという思考にはなってないけど時間が解決してくれるはず
未",その他,positive
a591f2c5-8f3d-4967-b61e-038793220cda,2025-10-30,興味,7,過去の恋愛経験から未練のメカニズムを分析,"自分は満足するまで行動してその結果、ダメだった場合は未練なく前に進めるのではという考えになった
もしくはその人に対して絶対に無理だなという出来事が起きた場合も未練なく前に進める
橋本さんに対して未練あるのは①まだ連絡できる状態であること ②自分が満足するまで行動していないこと ③橋本さんを嫌いになってないから
重要な自己理解:
未練が消える条件①: 満足するまで行動してダメだった
未練が消える条件②: 相手に対して決定的にダメだと思える出来事
橋本さんへの未練の理由: 行動不足、可能性が残っている、好意が継続",その他,positive
8396fb30-2ad8-4dcc-ac0a-64e9f9163e46,2025-10-30,安心,5,応募していた案件の結果を確認,"結果は落選だった
まあ残念ではある
理由が他の候補者が経験豊富でありその人が採用されたとのこと
少し、ほっとしている気持ちもある
次の案件は夜勤なしで紹介してくれないかなんへの未練の理由: 行動不足、可能性が残っている、好意が継続",仕事・勉強,positive
96ec8c4f-2a51-452f-86f6-852a4288d90d,2025-10-30,集中,6,塩の塊が大量にあることにストレスを感じ、解決方法を調査・実践,"塩の塊が大量にあって使用するときにいつもストレスだった
塊をほぐす方法を調べて実践した
大体の塊はさらさらになった
あと少しの塊があるのでそれもさらさらにしていきたい",その他,neutral
cd19de09-06cd-4bb1-89ee-a5033fa7f606,2025-10-30,満足,7,包丁とブンブンチョッパーを使って全ての塩をサラサラにした,"包丁とかで塊を切断してからブンブンチョッパーでみじん切りにしたので凄く力を使う作業だった
めっちゃ大変だったけどサラサラになったのでよかった
これで次に塩を使用するときに楽になるのでうれしい
工夫した点: 包丁で切断→ブンブンチョッパーで細かく",その他,positive
cd634d63-7186-4261-a277-408b2a8849db,2025-10-30,喜び,8,投資信託の損益を確認,"投資信託の損益が+1032になっていた
メッチャうれしい
この調子で頑張って投資を続けていきたい",その他,positive
bc1f277c-d389-4fc5-aeb8-7e5c44196ee8,2025-10-30,悲しみ,8,レミアムマリオジェラテリアで希少なタヒチバニラアイスを食べる,"いつものアイスより滑らかだった
希少な素材を使用したバニラを1回食べてみたいとやりたいことリストに記入したので今日実行した
美味しかったけどひなちゃんと一緒に食べた牧場のアイスの方が美味しかった
タヒチバニラは一人で食べたからかな?
それとも普通に牧場のアイスの方が美味しかったのかな?
ひなちゃんと食べた牧場のアイスはめっちゃ美味しくて感動して二人で盛り上がってたな
一人で食べても美味しくないや
まぁ、でもやりたいことリストは達成したので良かった
",趣味・娯楽,negative
bf74be07-5c1d-492e-a353-cb252b3db211,2025-10-30,喜び,9,ニアジョイのライブ抽選結果を確認,"ニアジョイのライブ当選した
これでライブ行ける
めっちゃ嬉しい
楽しみ
あとは席がいいことを祈るばかりだ
",趣味・娯楽,positive
d954047a-53bf-4507-a546-5185ef7e582f,2025-10-30,不安,5,退職のお土産を伊勢丹で探す,"職場を退職するので最後のお土産を購入した
最初、伊勢丹で見てて5000円ぐらいのしか無くて高いなと思った
",仕事・勉強,negative
33d67da8-5b61-4ee8-96e7-76f77fadec59,2025-10-30,平静,6,高島屋で手頃な価格のクッキーを見つけて購入,"高島屋に行ったら1500円ぐらいのクッキーがあったのでそれにした
職場の人数が30人で26個入りだけどまぁ、4人ぐらいはいいだろ
どうせ何人かは食べたいんだから充分だろ
ゴミを処分させるのは申し訳ないけど俺はもう辞めるから知らん",仕事・勉強,neutral
cef2c805-bdd3-4257-a9ce-dce1d52da0ff,2025-10-30,疲労,6,疲れを感じる,眠くなってきた,休息・リラックス,negative
c6f24185-70b8-405b-83c9-4562abb12371,2025-10-30,誇り,8,CCNAの勉強,"CCNAの勉強を15分やった
偉すぎる",仕事・勉強,positive
ac2d64b3-6c0b-4548-a9f9-a8f992774d8b,2025-10-30,集中,6,一日の出来事と感情を記録,記録行為そのもの）,仕事・勉強,neutral
7a534b9c-e059-4502-8770-fb59b72964c9,2025-10-31,混乱,6,起床、睡眠スコアの確認,睡眠スコアはいい感じなんだけどすごく寝起きが悪い。なんでだろ。筋トレをやりすぎて回復してないのかな,休息・リラックス,negative
e7b5648e-4d08-4a95-847c-408f235944a7,2025-10-31,疲労,7,起床後の状態,凄く眠い,休息・リラックス,negative
9fcdcfcf-347f-4a0e-8ca0-13cbde9a759e,2025-10-31,喜び,9,今の仕事を全て終了,今日で今の仕事全て終わった。すごく清々しい気分だ。しばらく働かなくていいなんて最高すぎる,仕事・勉強,positive
fc5737dc-171b-4d8a-b7ab-09d4ca706ee8,2025-10-31,混乱,6,飲み会の誘いを受ける,前に断った飲み会にまた誘われてしまった。前回は自分のために飲み会なんて申し訳ないからいいですよと断ったけど歓迎会と一緒にやりましょう、自分に来て欲しいと言われてさすがに断ることが出来なかった,社会活動,negative
2f053de0-df9c-4019-8d55-becd5fbd6b01,2025-10-31,退屈,5,飲み会参加の決定,そう言ってくれるのは嬉しいけど飲み会好きじゃないんだよな。めんどくさいな,社会活動,negative
1fa0740d-d631-4240-93e2-388a719e9b73,2025-10-31,喜び,9, 飯田橋の案件紹介を受ける,また案件紹介された。場所が飯田橋で、週の半分がリモートワークで時間は平日固定の9時~17時半で自分のキャリアアップに繋がりそうな案件が来た。リモートワークができるのが嬉しすぎるし、平日固定が最高すぎる,仕事・勉強,positive
a2e34b88-0665-4086-9574-3c25a209526f,2025-10-31,不安,7,飯田橋案件の応募条件を確認,でも必須のスキルというのが明らかに足りてないし、2回も面接して採用が1人だ。絶対に合格したいけどめっちゃ厳しいと思う,仕事・勉強,negative
542803c8-d247-4dce-bcd5-a7d5d15c54b6,2025-10-31,希望,8, 飯田橋案件への強い願望,まじで受かりたいな。ここで働かせてくれ,仕事・勉強,positive
2645aaac-1ed8-4abf-b2a8-55bd0bcb3a0f,2025-10-31,不安,6,Claudeのサーバーダウン,claudeのサーバがダウンして使用できなかった。claudeでいろいろやりたいのに早く復旧してほしい,その他,negative
b59ff617-c4b5-42b4-93f7-353c6dfb2227,2025-10-31,興味,5,障害情報をXで確認,こういう速報を知るにはXが一番便利だな,その他,positive
4e0261e5-8188-4acb-b66b-d0882bb59c8f,2025-10-31,安心,6,Claudeの復旧確認,claudeが20時ぐらいに復活した。思ったよりも早く復活してよかった,その他,positive
aa16bce4-c3e6-4cfa-880e-0b3ca959bbc2,2025-10-31,不安,8,飯田橋案件への応募を再考,飯田橋の案件凄く行きたい気持ちはあるけど必須スキルが自分は満たしていないのでこの状態で面談をやってお客様に対して失礼にならないか不安になってきた。案件自体はやる気はあるけどお客様に失礼がないか凄く心配,仕事・勉強,negative
34737243-72fb-4c53-9547-917cee1200a3,2025-10-31,混乱,7,応募するかどうかの葛藤,自分でも勉強してできるならこの案件に挑戦したい。けど相手は経験者を求めているわけだからどうなんだろう。一応営業には必須スキル満たしてないけどいいのかって聞かないとな,仕事・勉強,negative
d0d3fbc4-9520-4f8f-9ef1-012240413d12,2025-11-01,疲労,6,起床、睡眠状態の確認,寒すぎる。起きたのが7時で会社行くときと同じ時間に起きた。睡眠計測アプリだとスコアはいいんだけどあまりすっきりと寝た感じはしないな。でも瞼とかは重くない,休息・リラックス,negative
8897edb7-39c0-4866-999e-71e4b43538de,2025-11-01,興味,5,睡眠の質について考察,AVを見た翌日は瞼が凄く重くてだるいけどそういうだるさとかはないから寝れているってことでいいのかな,休息・リラックス,positive
78973b7e-6b0c-4bf8-9d70-0f5bb6e818f7,2025-11-01,希望,6, 営業へ飯田橋案件について連絡,営業に飯田橋の案件スキル不足だけで大丈夫とは伝えた。これで大丈夫だったら頑張ろう,仕事・勉強,positive
876c3870-b05b-435c-b42a-3d00d8f23290,2025-11-01,興味,6,感情記録の振り返り,ここ2日はポジティブな考えよりネガティブな考えのほうが多い。ネガティブな考えが多いということを認識することが大事だと思う。ここからポジティブな考えが多くなるようにしていきたい。ここ2日は寝不足で、色々考えることがあったからネガティブな考えが浮かんだのではと分析している。実際には分からないけど,その他,positive
4f7d3fea-fc0d-4c28-a8e5-65cbdcca394d,2025-11-01,興味,7, n8nを使った自動化の検討,n8nを使用した自動化の案を考えている。今のところは家計簿アプリがありいつも楽天の支出データをダウンロードして手動で取り込みをしているんだけどそこを自動化しようと考えている,創作活動,positive
d49c91f5-7ad8-457b-a449-3d5d8280bcc5,2025-11-01,不安,6,サーバ構築の検討, n8nを使用するにはホストサーバを構築する必要があるらしいんだけどサーバ構築専用のPCが欲しいな。今はPCが一台しかないからこのPCにサーバ構築して普段使いしてたら動作が重くなりそう。PCのメモリが16GBで増設したいな。メモリの使用率がいつも90パーセント超えてるので新しいPC欲しいけど高いんだよな。引越しもしたいしどうしよ,創作活動,negative
27b7f689-cce5-4934-b30a-694625a559cf,2025-11-01,安心,6,サーバ構築の調査結果,"調べてたら今のPCでも十分にホストサーバ構築できるらしい
",創作活動,positive
aa7317a4-4272-46d4-b712-2dd8fd3f7b3d,2025-11-01,罪悪感,9,AV視聴,AVを見てしまった。罪悪感がすごい。7日間は観てなかったのに,趣味・娯楽,negative
65a50456-6bfd-457a-8f73-36612afc80c6,2025-11-01,疲労,8,AV視聴後の状態,瞼が重い。何もやる気が出ない,趣味・娯楽,negative
6000a414-459d-4ba4-8e7c-6877314fe3c3,2025-11-01,希望,5,気持ちの切り替え, 見てしまったものは仕方がないのでここから挽回していくか。やってなかったことをすべてやってましな一日にしよう,その他,positive
67027f6c-b9aa-48c1-aecd-4a6d5ef929fd,2025-11-01,不安,6,新宿図書館サイトへのログイン試行,"新宿図書館の本を延長しようとサイトにログインしたらパスワードが変更されていてしばらくログインできなかった
",その他,negative
372d059a-3230-4076-876d-aca256672e93,2025-11-01,安心,6,図書館サイトのログイン問題解決,でも解決したので良かった。本の期限が今日までだと思っていて確認したら来週までだった。まだ読めてないからよかった,その他,positive
16f9a0d1-6c7d-41d4-a51c-cb237335d07a,2025-11-01,悲しみ,8,無気力状態,"何もやる気が出ない。どうしよう。AVという欲に負けた人間だ。情けない。つらい。人生楽しくない。なんで見てしまったんだろう。何もやる気起きない
",その他,negative
23931ab4-96f1-49e3-984a-d2706af34852,2025-11-01,誇り,7,ゴミ捨てと缶の処分,ゴミ捨てと缶を捨てた。偉すぎる。やる気が起きない中良く行動した,その他,positive
1af0a433-3b3e-4b24-b6a5-57fa889f8d16,2025-11-01,誇り,7,スポンジ交換,"スポンジも変えないとなと思っていたけどめんどくさくて後回しにしていた分を今日できた。偉い
",その他,positive
286b8502-e3d7-43df-b2b5-d193380237dc,2025-11-01,誇り,7,食器用洗剤の詰め替え,あと食器用洗剤も詰め替えした。偉すぎる,その他,positive
77a8ab2a-4874-4323-88e6-054c52552cb9,2025-11-01,満足,7, PC作業机の片付け,PCの作業机を片付けた。綺麗になると気持ちがいい,その他,positive
0026e002-4704-4948-b88e-4fad127fb051,2025-11-01,喜び,6,Windows 11の問題解決,Windows 11で「スペースを押しながら英字入力すると小文字になる」問題が発生したがまえに解決していた問題だったので履歴を見て対処出来てすぐに解決できた。嬉しい,その他,positive
09b9fb65-2543-4671-b037-6696e1e2e622,2025-11-01,興味,7,Rocky Linuxのインストール,飯田橋の案件がRocky Linux を使用しているってことで初めてインストールした。まだインストールまでしかやってないけどこれからどんどん進めていきたい,仕事・勉強,positive
f40341ad-059c-48de-9283-7c97531610e3,2025-11-01,不安,6,Claudeの利用制限,claudeが利用制限にかかって20時まで使用できない。proプランだと使用できるものが少ないな。Maxプランだと使用できるものは多いけど料金が5倍ぐらいになるからな。そこまではお金払えないな,趣味・娯楽,negative
8fc72f24-e91c-45bb-99d9-a2d6d8d22243,2025-11-01,興味,6,Claudeのプラン検討,でも11月は多分1日中暇だから11月だけでもMaxプランに加入するのはありかもしれない。11月だったら余裕で元が取れる気がする,趣味・娯楽,positive
8af7a6bf-7000-4222-830b-285340ed645c,2025-11-01,誇り,7,洗濯,洗濯をやった。偉すぎる,その他,positive
20b14e62-0967-446b-a394-5f0141b16b7c,2025-11-01,退屈,6, Claudeが使えず暇,claudeが利用制限かかっているとやることなくて暇,その他,negative
3f59ffcd-bfef-49b8-afb3-11bf6e00dd0c,2025-11-01,退屈,6,スーパーへ行くことへの抵抗,スーパー行くのだるすぎる,その他,negative
be57cf5c-3b50-4c2c-aee3-bb4f1da058ad,2025-11-01,喜び,6,Chromeのメモリ使用率改善,"メモリが90％を超えていたのでchromeをすべて閉じたら40%ぐらいまで減少した。chromeがめっちゃ容量食っていたんだな。開きすぎだったらしい。chromeでいろいろなタブ開いていると便利だから開いてたけど今度からは使用する分だけ開かないとな
",その他,positive
f1a385c1-37ec-4348-ba5d-8c9a3d2f85da,2025-11-01,興味,5,マイクラへの興味,マイクラPCでやりたくなってきたな,趣味・娯楽,positive
c6d55102-3b49-4fee-b2e2-433300b21d33,2025-11-01,退屈,6, 暇を感じる,なんか退屈だな,その他,negative
78eab854-1280-4814-b14f-148e8b1ab26d,2025-11-01,退屈,6,ヒゲ脱毛への抵抗感,"ヒゲ脱毛だるいな。行くのがめんどくさい。ヒゲ脱毛痛いからやりたくないな
",運動・健康,negative
280c23e5-866d-437f-9f25-57b4e3fcbe3a,2025-11-01,混乱,6,ヒゲ脱毛完了の診断,ヒゲ脱毛やった。もう細い毛しか残ってないらしくもう完了でいいみたいな感じだった。まだたまにヒゲ剃る時あるんだけどこれで完了なのって感じ。完璧にツルツルにしたいんだけど次の様子見してどのぐらいツルツルになってるかって感じだな。毛が濃くなってる部分もあるらしくて時間を置けばマシになるらしい。なんか、自分が思ってた効果じゃなかったな,運動・健康,negative
a4b4240e-eb30-4db9-8243-c1e13936ae99,2025-11-01,不安,5,ヒゲ脱毛後の痛み,ヒゲ脱毛したところがいつもより痛みがある。痛い。モヤモヤする,運動・健康,negative
62dbef6e-6df8-4626-ac92-107e5a35be62,2025-11-01,誇り,7,スーパーへ買い物,スーパーに行った。偉い,その他,positive
e15d7130-858c-435e-85a9-bc8610fe7968,2025-11-01,満足,6,半額おにぎりの購入,梅おにぎりが半額になってたので買った。美味しかった,その他,positive
04e26e14-9b3a-4e86-ac72-c5d132d90f05,2025-11-01,不安,5,食材購入,米と鶏胸肉購入したら1万ぐらいかかった。高いね,その他,negative
0519247d-e029-43d5-a856-c3493005e97e,2025-11-01,混乱,7, 心のモヤモヤを感じる,なんか心がモヤモヤする。モヤモヤした時は紙に書くと気持ちがおさまるのでとりあえず頭に浮かんだことを書いてみる,その他,negative
6448efad-21d1-4949-bd0a-e8b43652b285,2025-11-01,悲しみ,8,今日の振り返り,今日はダメな一日だった,その他,negative
3d071d80-661e-4ee1-8db5-57f197ad0563,2025-11-01,罪悪感,9,AV禁止の継続が途切れたことへの後悔,"昨日までは、Av禁止を7日間継続していて、見たい気持ちがあるのに、自己規律していて、我慢をしていて、その小さな積み重ねが自己肯定できてたんだと思う。それが失ってしまって、自己否定に変わってしまった。7日間という区切りがあって、それを達成して満足してしまって、Avを見てしまった
",その他,negative
7aa40584-b680-4fa9-a639-2c2c9cf2d0d4,2025-11-01,混乱,7, AV視聴の理由を分析,あとは、前回Avを見た次の日は、すごく行動していて、今回も、Avを見て、たくさん行動しようと思ってしまった。最近あまり寝た感じがしないのもあって、一回Avを見て、リセットしようという気持ちになってしまった,その他,negative
06cfad49-6b3b-4e03-9dd0-510d8f44fce6,2025-11-01,興味,6, AV視聴の原因分析,あとは1日暇で、ベッドの上でスマホを触れる環境だったのも良くない。スマホロックは寝る時だけなので、普段はどうしよう。あと原因としては、朝起きて、筋トレするなり、シャワー浴びていれば、Avを見てない気がする,その他,positive
63e71dee-1bf7-4b3a-92f9-17b3049a5df6,2025-11-01,罪悪感,9,自己嫌悪,罪悪感がすごい,その他,negative
be471558-ad5c-4d21-b33d-527f6288adf6,2025-11-01,悲しみ,8,恋愛への諦めと焦り," 彼女欲しいけど、行動するのが面倒くさいし、前回1ヶ月マッチングアプリやったのに、一人とも会えなかったし、やばいな、すごいネガティブになる。みんなが結婚していく中、俺は独身で、彼女なし
",その他,negative
bb762b70-e90c-4d65-ba1c-7e9cc431258c,2025-11-01,悲しみ,8,孤独感と一人での活動への虚しさ,一人で色々新しいことにチャレンジしているけど、一人だと、あんまり楽しくない。好きな人と色々な経験したい,その他,negative
2d450bef-baaf-4051-883a-a0c8873ccffa,2025-11-01,混乱,7,恋愛観の葛藤, 自分が可愛いと思える人と付き合って、そんな人と付き合ってる俺すごいと自己肯定したい。でもそんなことを考えてしまっている時点で、好きという感情からは遠くなってる気がする,その他,negative
46e0dc7c-8145-4d19-a39a-99e2ed412e29,2025-11-01,退屈,6,スーパーへ行くことへの抵抗,スーパー行くのだるいな。でも行かないと米がないから、食べるものないし、どうしよう,その他,negative
6f2328cc-c588-4ead-af06-74e8c7277637,2025-11-01,悲しみ,8,人生の意味を問う,どうしたら、人生楽しくなるんだろう。彼女に愛されているという確信があれば、人生楽しくなるのかな。人と比べているから、人生楽しくないのかな？,その他,negative
881b8e5c-b1d2-4ee5-8fcc-b4b18b4f916f,2025-11-01,不安,7,飯田橋案件への不安,早く職場決まらないかな。飯田橋の案件がいいけど、受かる気がしない。営業の人に必須スキルないけど、問題ないかと聞いているんだけど、返信返ってこないし,仕事・勉強,negative
a2e8cec5-22f4-43ba-9cfd-2093d70d23cb,2025-11-01,悲しみ,8,橋本さんへの想い, 橋本さんに会いたいな,家族・友人との時間,negative
d1728d7a-fc50-4576-bf33-6b7d9bea9fcd,2025-11-01,退屈,7,孤独感,一人の時間だと退屈だな。電話したいな,その他,negative
8359357a-71ed-494c-ac09-f8cc908701e7,2025-11-01,混乱,6,マッチングアプリ再開の検討,マッチングアプリ始めようかな。でも行動するの面倒くさいな,その他,negative
106f04db-e103-428d-91c5-ba302232ac1b,2025-11-01,退屈,7,スーパーへの抵抗感の再燃,"スーパー行くの、まじで面倒くさい。ちょっと眠くなってきた。あー、だるいな
",その他,negative
f84761c6-51b2-442d-87a7-f2041eb60079,2025-11-01,混乱,7,人生の目的について考える, 俺は人生で何がしたいんだろう。自由になりたいのかな。ストレスは限りなくゼロになりそう,その他,negative
da9364b3-2113-4fc9-92d1-b39a59e708f3,2025-11-01,退屈,6, 会社の飲み会への抵抗,会社の飲み会行きたくないな。面倒くさいな,社会活動,negative
16eef9aa-1400-4326-b6c3-db4534aa53aa,2025-11-01,不安,6, 三連休の予定のなさ,明日は何しようかな。明日も特にやることないんだよな。三連休だけど、俺には何も予定が入ってない,その他,negative
824047d0-93e4-4407-9f45-6fbe8ae47c73,2025-11-01,興味,6,やりたいことを考える," 料理教室行きたいなぁ。マイクラやりたいな。でもお金も貯金したいお金使用と貯金のバランスが難しい
",趣味・娯楽,positive
53f96801-70d0-4bdb-b450-4bb8b6af2931,2025-11-01,混乱,6,引越しと将来の関係について考える,引越しもしたいけど、次の彼女と付き合って、同棲したいという気持ちもあるから、今引っ越したら、無駄な気もするな,その他,negative
0fa3f7b1-e2a3-46e7-825c-641f4102eff6,2025-11-01,安心,7,書くことで心のモヤモヤが晴れる,心のモヤモヤを少し晴れた。文字にすると、モヤモヤ少し晴れる。こんなモヤモヤしたのは、久しぶりかも。最近ポジティブな考えだったからな,その他,positive
3f1b5d21-b550-404c-9451-2885ec6a8f75,2025-11-02,興味,5,睡眠スコアの確認, AVを見た翌日だから睡眠悪いかなと思ったらいつもとスコアはそんなに変わらなかった。たまたまかな。いつもより入眠時間が速かった,休息・リラックス,positive
8780b5cd-d520-4355-88bb-4269cbc7affc,2025-11-02,悲しみ,7,橋本さんから連絡が来た夢を見る, 夢で橋本からラインが返ってきた夢を見た。起きた瞬間夢だとすぐにわかって悲しい気持ちになった,休息・リラックス,negative
c695d4eb-7fd9-4ba6-8d06-2d9ab495d820,2025-11-02,不安,6,夢を見ることについて考える,最近はよく夢を見る。夢を見るときは深い睡眠ではないってことだから深い睡眠取れてないのかな,休息・リラックス,negative
34abe213-206d-4244-b1f1-a7e79edd5189,2025-11-02,不安,7,昨日の感情分析結果を確認,昨日の感情分析したらネガティブが圧倒的に多かった。総エピソード数: 55エピソード、ポジティブ感情: 20エピソード (36.4%)、ネガティブ感情: 35エピソード (63.6%)だった。こんなにネガティブが多いのは久しぶりかもしれない,その他,negative
ec113a7e-5e69-436c-9c86-da4b3a345160,2025-11-02,興味,8,価値観の見直し（人間関係）,自分の価値観を見直した。人間関係の価値観が前回が68%だったのに今回は98%で凄く変化した。前回の価値観の設定したときはひなちゃんと付き合っていてある程度満たされていて現在は彼女と別れて失ってその価値観の重要さに気づいてこのような結果になっているらしい,その他,positive
6a48a92e-faac-46e8-b560-c713a0953646,2025-11-02,興味,8,価値観の見直し（趣味）,趣味の価値観が85%から40%に減った理由は彼女という存在がいてそれにプラスで自分で楽しめる趣味があったので彼女という人間関係が満たされていてはじめて趣味の価値観が高くなるという事に気づいた。現在は人間関係という土台が満たされていないので趣味をやってもそんなに楽しめないのではという結果になった,その他,positive
23bd1fa9-5183-43d7-abee-ac14f77d3fbe,2025-11-02,興味,8,価値観変化の理解,現在の価値観の変化は彼女と別れて孤独という痛みが重要度を再構築するに至った。なので現在の価値観の重要度が一番高い人間関係をどうにかしないと現在の人生が満たされないという事が分かった,その他,positive
6238827e-bfcb-4367-9fef-4033b25cea8b,2025-11-02,興味,7, podmanの学習, podmanというものを初めて学習した。コンテナを作るための道具でdockerとあまり変わらず動作できるという事が分かった。コンテナについてもあまり理解できていなかったが少しだけ理解できた,仕事・勉強,positive
4b80c873-0ff5-4b0b-a1b3-ae5f4e1d52a6,2025-11-02,興味,6,VirtualBoxのコピー機能調査,VirtualBoxでコピーできないのがめんどくさいなと思って調べたらGuest Additionsをインストールすればコピーして貼り付けできるという事がわかったので実施した,仕事・勉強,positive
1e44c0df-ec71-4773-8703-7fea59aebea3,2025-11-02,満足,7,Guest Additionsのインストール完了,"ちょっと時間かかったけどちゃんとインストール出来てコピーして貼り付けができるようになったので良かった。これで楽になる
",仕事・勉強,positive
41b1d6ad-8a5c-4d22-8192-34d9313da8c5,2025-11-02,満足,7,コピー&ペースト機能の確認,コピーして貼り付けができるので凄く楽。入れるのに時間かかったけど入れてよかった,仕事・勉強,positive
46129110-e816-4842-b1fa-d087f9235f82,2025-11-02,満足,7, n8nのインストール完了, n8nのインストール完了してコンテナで起動した。少しずつ進んでいる感じがしていい感じ。あとは初期設定とワークフローの設定だ,創作活動,positive
bdbc092f-b55f-465f-b8c1-a7e9e604744d,2025-11-02,リラックス,5,爪切り, 爪切りした。切られた爪をみると少しすっきりする,その他,neutral
6c3095aa-7d50-471b-a95a-9107a2b1ac8c,2025-11-02,満足,7, CLIインポートスクリプトの作成と実行," 13時からclaudeの制限が解除されるので13時から家計簿連携ワークフローの作業をやっていた。AIに聞きながらCLIインポートスクリプト を作成してスクリプト実行して家計簿アプリにはデータ連携ができた
",創作活動,positive
0c43451c-a21b-4667-9a1d-b1f2c5fc7499,2025-11-02,不安,7, Claudeの利用制限,そしてホストPC（Windows）とVM（Rocky Linux）間でファイルを共有作業をやっているところでclaudeの利用制限が来た。まだ1時間ぐらいしか触ってないのに制限が来た。結構早くてビックリしている。まだ全然続きやりたいのにどうしよ。次は18時から解除されるらしくて結構長い,創作活動,negative
489b8154-7eac-4189-bb42-d074320aec63,2025-11-02,満足,6,進捗の確認,まあでも着実に進んではいるので良かった,創作活動,positive
d971586a-3dbd-4bde-9fde-0681910d5dbc,2025-11-02,喜び,8,加藤純一の動画を視聴していた, 加藤純一のシャインポスト Be Your アイドル！の実況動画を見た。前回はすごく子の実況動画にハマっていて今回は2回目だ。アイドルグループの名前を決めるのに1時間ぐらいかかっていて決まって時の高揚感が凄かった,趣味・娯楽,positive
76677e8e-385d-425c-b4d6-36c9cd50dfa0,2025-11-02,満足,8,一日の振り返り, 今日は何もしなかった。けどこんな日もいいかも。仕事ないってのが幸せすぎる。こんな感じの生活が続けばいいのに,休息・リラックス,positive
3bf49a96-85b0-4459-beaf-95da1521924e,2025-11-02,不安,8,Claudeの週間制限を知る,claudeで週間制限みたいのがあるらしい。今まではなかったのにこれだと今の段階で78%で火曜日まで制限されるらしい。このままのペースで使用したらすぐに制限かかりそう。凄い改悪じゃん。どうしよ。いろいろやりたいことあるのにな。ほかの生成AIに乗り換えようかな,その他,negative
b0ce5540-4efd-41e4-8b94-51d7e97b7670,2025-11-02,喜び,8,ChatGPTのプロジェクト機能を調査, chat gptのプロジェクトの機能があってファイルを追加しようとしてどれぐらいの容量追加できるんだろうと思って調べたらclaudeの何倍も追加できるらしくてびっくりした。今まではclaudeで自己分析のファイルを何個も分割して追加してたけどchat gptは１つのファイルにまとめて追加できるのが便利すぎる。すごい,その他,positive
ca1e5aab-8c82-4278-82df-10e648171555,2025-11-02,喜び,8,ChatGPTで自己分析テスト," chat gptを触っているけどちゃんと過去の自己分析まとめのテキストファイルを参照して回答している感じがしている。すごい。これなら乗り換えでもいいかも
",その他,positive
e5c63fcc-c459-458b-8785-11de66243d55,2025-11-02,満足,7, n8nワークフローの作成,n8nワークフローの作成 まではやった。ワークフロー作成をノーコードで作成できるのは凄いと思った。作成したもののまだ自動で楽天CSVの自動取り込みができていなかったので明日はその処理を完璧にしていきたい,創作活動,positive
9517220d-3a7b-4e91-910f-e4e8fc4059cd,2025-11-02,楽しさ,7,面白い動画を見る, 動画で師匠が「飛べ！」って言ったから飛んだのに、弟子、ﾀﾋだという動画を見た。めっちゃ面白くて笑った。師匠が弟子に対して飛べと言ったのに自分は飛んでなくて面白かった,趣味・娯楽,positive
7ed0f667-d8ea-41d0-80c5-33e491364466,2025-11-02,喜び,9,推しのぱっつん前髪画像を見る, ≠MEの推しの谷崎早耶ちゃんがぱっつん前髪の画像を上げていた。めっちゃ可愛い。可愛すぎる。初めて見た,趣味・娯楽,positive
871a072c-6599-4862-bf86-ccfd07b17845,2025-11-02,興味,8, 新しいワークフローのアイディア,それで思いついたアイディアがある。Xで画像見つけるのは時間がかかるから、そして余計なものを見てしまうから、n8nのワークフローの機能を使用して推しの画像を自動で収集してくれる機能もいつか作成したい。そして推しの可愛い画像をみて癒されたい,創作活動,positive
817c6333-2eb9-4691-abc8-d0760a5f1a44,2025-11-03,興味,5,起床と睡眠スコアの確認,今日は7時半に起きた。睡眠計測アプリだと今日は20分で入眠できたのでこの調子でもっと時間を短くしていきたい,休息・リラックス,positive
13647bd8-a7b5-4a18-bc6d-816e56927113,2025-11-03,興味,6, ChatGPTとClaudeの比較, chat gptに自己分析してもらっているけど回答がちょっと自分の内面を深堀してない感じで優しすぎる。claudeのほうが細かく分析してくれるし、厳しめの回答もしてくれるからclaudeのほうが好きだな,その他,positive
52699f96-e1ce-4edf-bd74-fd01e8a83d08,2025-11-03,喜び,8,朝の自己分析,今日も朝から自己分析した。昨日はネガティブが多かったけど今日はポジティブな考えのほうがネガティブより5倍多かった。昨日は創作活動をめっちゃやっててその影響かな。よかった,その他,positive
4f05f35d-4c80-4ef2-88a0-a78a592ccc67,2025-11-03,興味,7, Claudeにテンプレート作成依頼,cluadeの回答が好きなのでcluadeに自己分析で回答する際に法則やパターンがあったら教えてほしい。そしてほかのAIでも再現できるようなテンプレートを作成してほしいとお願いした。そしたらテンプレートを作成してもらった。なのでそれをchat gptのプロジェクトのファイルに共有してchat gptにも同じような回答してもらおう,その他,positive
2fc939cd-8c1d-4920-8dfe-a26705061ed0,2025-11-03,希望,7,ChatGPTへの期待,"ちゃんと回答してもらえるかな。ちゃんとclaudeみたいに回答してもらったら自己分析は完全にchat gptにお願いしてもいいな
",その他,positive
f03df118-c1b1-4eff-a540-079af9f34021,2025-11-03,不安,5,ChatGPTの制限確認,"chat gptにファイルをアップロードしたら無料プランなのでファイルをアップロードするには今日の18時31分まで待ってくださいと言われたのでその時間まで待つか
",その他,negative
a4dd3882-0259-4bb8-b27e-7a3519037718,2025-11-03,不安,6, Claudeの週間制限確認,もうclaudeの週間制限の容量が90%になった。創作活動をしてない段階でこれなので今日は創作活動できなさそう。昨日は創作活動しかやってなかったので今日は運動とか家のことをやろうかな,その他,negative
3432e108-c1f8-4600-83ee-4fe3b12dbbe0,2025-11-03,興味,6,≠MEのリリースイベント情報確認,"≠MEのスペシャルリリースイベント が11月16日に神奈川であるらしい。リリースイベントに行ったことがないので公式サイトを確認したんだけど文字ばかりで全然理解できなかった
",趣味・娯楽,positive
76685618-4a72-483a-a96a-e7d914e19247,2025-11-03,喜び,8, Geminiで会話形式の理解,前にyoutudeでgeminiを使用して専門家と自分で会話形式でその詳細を理解するのが分かりやすくて便利だということを言っていたのを思い出して実際にやってみた。やってみた結果、公式サイトからの情報では全然理解できなかったけど会話形式でやったら凄く理解できてリリースイベントに参加するためにやるべきことがはっきりと分かった。すごい,趣味・娯楽,positive
fa16b572-3d05-4520-b014-f235a3bbb2ae,2025-11-03,興味,7,Gemini活用の発見,今後も文字ベースの情報で分からないことあったらgeminiで会話形式で理解を深めていきたい,趣味・娯楽,positive
ed97945e-3ae1-4580-b73a-18c6472e762f,2025-11-03,混乱,6,リリースイベント参加への葛藤,リリースイベント参加してお見送り会に参加したいけどめっちゃ混んでてめっちゃ並びそうだから行くのめんどくさいな。でもお見送り会だから近くで見れるってことなのかな,趣味・娯楽,negative
5db538e7-d81b-4012-9259-78c21640a9b0,2025-11-03,興味,7,リリースイベント参加決定,とりあえず行ったことないのにめんどくさいっていう理由でいかないのはもったいないのでとりあえず参加してみることにした。それで実際に行ってみて行かなきゃよかったって思うかもしれないけど実際に行かないと分からないので参加しよう,趣味・娯楽,positive
185188e6-d2b1-48d9-9d0c-4961d86b584f,2025-11-03,興味,7,gitdiagramツールの発見,Xでgitdiagram というツールの使い方が流れてきた。このツールを使用するとgitに上がっているプロジェクトを図解して分かりやすくまとめてくれるものらしい。このツールを使用して前に作成した家計簿アプリの図解をお願いした,仕事・勉強,positive
6ddec817-5b5d-4c68-88f0-8fe512f1af45,2025-11-03,喜び,7,Geminiで図解の理解,図解を見ても何がなんだかわからなかったがgeminiを使用して会話形式で説明してもらったら何となく理解はできた。すごい,仕事・勉強,positive
c5a7bcc5-3dee-4554-bf03-01c9cd2b72d2,2025-11-03,不安,8,家計簿自動読み取りフローのエラー,家計簿自動読み取りフローがエラーをずっと出ててもう分からない。何がだめなのかもよく分からなくなってきた。しんどい,創作活動,negative
8b4c7756-2717-4fa0-97b6-09b66101b2db,2025-11-03,罪悪感,9,AV視聴, エラーが解決しないので現実逃避したくてAVを見てしまった。またやってしまった。最悪,その他,negative
a22eacc9-530d-4ac2-81ba-6f948f52799e,2025-11-03,怒り,7,エラーの未解決,エラーが全然解決しない。むかつく,創作活動,negative
86a25e88-babb-4b62-80e4-e22a606fd06b,2025-11-03,退屈,6,明日の面談を思う,明日は飯田橋の面談だ。めんどくさい,仕事・勉強,negative
a810ee1e-ad8d-4604-9d6d-0415ec052861,2025-11-03,不安,7,エラーへのモヤモヤ, エラーが解決しなくてモヤモヤする,創作活動,negative
4f1309c9-b90a-408a-9234-7da1c0fadc08,2025-11-03,平静,5,エラーを放置する決断,エラーは放置することにした,創作活動,neutral
605cab97-75ef-4e9e-ba4d-c0fa6d9b1eb3,2025-11-03,不安,8,RHELのOS操作学習,"geminiに飯田橋の案件で使用するRHELを使用したOS操作 を説明してもらっているけど難しすぎる。こんなのできる気がしない。ワークフロー完成させてから面談に行こうと思ったのに完成しないし
",仕事・勉強,negative
fb09f356-738e-4d98-a8cd-d93c035e180b,2025-11-03,希望,7,営業からの返信確認,"営業から返信が返ってきた。自分の必須スキルが足りてないという懸念点についての回答がスキルシートは確認していてそのうえで面談の依頼が入っているとのことだったので自分でもほんの少し可能性が出てきた。厳しいとは思うけど明日の面談頑張ろう
",仕事・勉強,positive
72e6feb1-f6a4-4e49-98e3-5f9621b95ec8,2025-11-03,喜び,7,新居歩美の動画視聴,新居歩美の金髪清楚ギャルが可愛すぎた。めっちゃ良かった,趣味・娯楽,positive
75a33365-9cf9-4ff2-951d-839b124f83a3,2025-11-04,不安,7,睡眠スコアの確認,睡眠スコアがいつもより明らかに悪かった。原因としてはベットでスマホを2時間ぐらい見てて寝るのが0時になったこととAVを見てしまったこと。電気をつけたまま寝てしまったこと。最近生活リズムが崩れているから気を付けよう,休息・リラックス,negative
b0d7baa8-b770-44ff-b4e4-bdbcdf26d5ea,2025-11-04,誇り,6, 勤怠の提出,勤怠の提出完了した。よくやった,仕事・勉強,positive
ef85957f-0988-4298-8039-c06cce508840,2025-11-04,喜び,7,推しを見る,推しが可愛すぎる,趣味・娯楽,positive
185b2ba0-cbfe-412d-89e0-8d2db5cd5928,2025-11-04,興味,6,ClaudeとChatGPTの比較,自己分析はやっぱりclaudeだな。昨日claudeに回答のテンプレートを作成してもらってchat gptにそれを共有して今日、自己分析してもらったけどあまり回答が自分好みではなかった,その他,positive
1d801fa3-128f-433a-82db-a264bbeb5990,2025-11-04,怒り,8,ゴキブリとの遭遇,ゴキブリが足の上に載ってきた。ほんとに腹が立つ。お金があるならすぐに引っ越したい。ゴキブリいなくならないかな,その他,negative
5e93f034-07f6-49b5-bdc2-2b4393058955,2025-11-04,怒り,6,睡眠不足による苛立ち,今日は睡眠があまりよくなかったので些細なことに苛立ってしまう,その他,negative
351c934b-fee3-47c2-bea4-6e1f4c01af74,2025-11-04,満足,6,久しぶりの筋トレ,久しぶりに筋トレをやった,運動・健康,positive
3c1d3a56-50fd-44b7-ae36-86ca883cb4d0,2025-11-04,喜び,6,ジムで可愛い子を見る,ジムに可愛い子がいてちょっとテンション上がる,運動・健康,positive
2fcf89ca-6785-4442-a340-db156579d0bb,2025-11-04,満足,7,ケーブルサイドレイズの実施,ケーブルサイドレイズ初めてやった。肩にすごく負荷がかかっていい感じ。今度からこれやろう,運動・健康,positive
dc61e702-52e4-4bd5-aa7c-219b41e756cc,2025-11-04,喜び,7, 何をしていたか: ,"筋トレやるとポジティブな気持ちになる。ここから頑張ろうという気持ちになる
",運動・健康,positive
40cdb806-cc29-4e39-a88f-c56240ef24ad,2025-11-04,満足,6,筋トレ後のプロテイン,筋トレ終わった後のプロティンが美味しい,運動・健康,positive
e665db1c-54eb-47bc-b49e-45852ef2f03f,2025-11-04,楽しさ,7,加藤純一の動画を視聴していた,"加藤純一のシャインポスト Be Your アイドル！の実況動画を見た。アイドルの人が誰かと電話していてその相手が彼氏なんじゃないかという話になっていてコメント欄がアイドルクビにしろとか許せないとか言っていて面白かった。周りのアイドルと絡みがないアイドルに対して誰でもいいから絡みを見せて俺を安心させてくれと言っていてそこも面白かった
",趣味・娯楽,positive
7637d2e8-2d50-431d-abb8-79ed5ec12618,2025-11-04,楽しさ,7,加藤純一の動画を視聴していた,アイドル2期生の全員集合したときにカロリーが高すぎて笑っちゃった,趣味・娯楽,positive
fffc9693-e25e-4c4a-ae2b-626dfbc8afa3,2025-11-04,興味,6, センターパートに挑戦,センターパートを初めてやった。いつもと雰囲気が違い感じがした。似合っているのかは分からないけど誰とも会わないときはセンターパートでいいかも。前髪が目にかからないのはストレスがなくてよい,その他,positive
99d2c8e3-92cc-4f4c-b0ab-145e050fef8c,2025-11-04,喜び,7,加藤純一の動画を視聴していた ,実況動画でアイドルの覚醒イベントを見ていてアイドルの自分の悩みから向き合って解決する姿を見て感動した,趣味・娯楽,positive
fe7137da-ffb6-4ba6-91ae-29fa7fab903b,2025-11-04,満足,7, 髪型セットの効果, 髪型セットするとちゃんとしないとという気持ちになっていい感じ。髪セットしているからベットにも行けないからダラダラできないのでいい感じ,その他,positive
1e42c86d-a7fb-4648-aed7-12d4a02d908d,2025-11-04,不安,8,面談前の緊張,これから面談だ。飯田橋の案件の面談だ。受かりたいけど厳しいよね。緊張するな。バクバクするぜ,仕事・勉強,negative
a02da72b-a8bb-433f-94f2-b4534fdd1bcd,2025-11-04,悲しみ,9,面談後の絶望感,面談だった。自分なりには笑顔で話せたと思うけど相手の候補者の人がRHELの業務経験があってしかもCCNAの取得していてLinuxの資格勉強もしているらしくて相手のほうが質問とか多かったから絶対落ちたわ。もうだめだ。この案件に受かりたかったな,仕事・勉強,negative
0545713d-cc0a-4633-b227-3d9f95ed8279,2025-11-04,悲しみ,8,業務経験不足への落胆, あーあまじで業務経験ないので落とされるのキツイな,仕事・勉強,negative
f5b976a0-2ff7-4525-87b6-57bfc1752bc1,2025-11-04,平静,5,気持ちの切り替え,まあもう終わったことだし気にしたってしょうがないな。切り替えていこうぜ。次の案件を待つか,仕事・勉強,neutral
323186db-5b97-45f2-bb56-bbe01b362bf9,2025-11-04,不安,7,ダメージ軽減のための防衛機制,ほんとは受かりたいけどダメージ少なくするためにもう落ちたってことにしてダメージを減らそうとしている。もともと受かる確率は少ないと分かっていたけどそれでも実際に落ちるとなるときついな。あとは結果待つしかないからな,仕事・勉強,negative
a527a783-17b6-4b30-a65f-2cccc57ca02d,2025-11-04,興味,7,新居歩美のライブへ即決," 面談が19時に終わって 新居歩美のライブが19時45分開始の渋谷でやるらしくて時間的にも行けそうだったので行った。お金も1000くらいで行けるらしくて行ったことないし、行ってみるかとなった
",趣味・娯楽,positive
84846069-4869-439f-b29c-2c0f9363605d,2025-11-04,喜び,9,新居歩美のライブへ即決,"ライブの会場は暑かった。新居歩美が可愛かった。会場も大きくないのでずっと見てられた。1時間ずっと見てた。可愛すぎた。曲もいい感じで上手かったし退屈はしなかった。新しい経験だったけど行ってよかった
",趣味・娯楽,positive
4dcb1696-b1e0-4bc1-afad-e78c15f9468d,2025-11-04,満足,7,ライブの満足感,でも2度目はないかな,趣味・娯楽,positive
15f0290f-c0a2-444f-b586-9816ce295549,2025-11-04,満足,7,帰り道にライブの曲を聴く,"帰り道行ったライブの曲をずっと聞いていていい歌詞だなと思った。もう満足しちゃった
",趣味・娯楽,positive
23133831-0915-40b8-bf03-8e3698c55377,2025-11-04,興味,7,都会住みのメリットを実感," こういう時都会住みは時間かからずにイベントに行けるので便利。行こうと思ったらすぐに行けるのはいい
",その他,positive
27345f56-465d-40bc-b19f-6799e2c6245d,2025-11-04,希望,8,人生の方針決定,今後は深く考えずにやりたい、思いついたら即行動していこうと思う。その方が人生楽しく過ごせそうだから,その他,positive
0cea8fd1-2987-469d-b776-d8152ab74ce9,2025-11-04,誇り,7,鶏むね肉の冷凍作業,"鶏むね肉めんどいけど冷凍作業をやった。偉すぎる。ずっと後回しにしていたのでできてよかった
",その他,positive
32d7d202-4e85-471f-b4e2-75eb5a655f0a,2025-11-04,誇り,7,複数の家事完了,缶も捨てたし、ゴミも捨てたし、ドンキでツナ缶も購入したし、よく頑張った,その他,positive
d264869a-0a71-4f43-97c6-21aac713ed7e,2025-11-04,退屈,6,入浴への抵抗,これから風呂入らないと。めんどくさいな。だるい,その他,negative
b48475a5-cc90-4459-8640-04d111939f0c,2025-11-04,誇り,6,入浴完了, お風呂入った。めんどいけど良く入った。だるかったわ,その他,positive
e18babc8-b1ba-41c7-aaf6-bd6c744a4af2,2025-11-05,不安,6,Xを見る,X見ているとちょっとネガティブな気持ちになる。推しの可愛い画像だけみたいのにくだらないことまで流れてきて見てしまう。推しの可愛い画像だけ見れるようにしてくれ,その他,negative
7d4e8046-f114-414e-bc1f-5e43b0151a8e,2025-11-05,喜び,7,昨日の自己分析,昨日の自己分析をしていた。そしたら昨日はポジティブの割合が多かった。この調子でどんどんポジティブの割合を増やしていきたい,その他,positive
c959b0bc-952e-4fdf-8186-c1e0aa094fe6,2025-11-05,不安,6,Claudeの週間制限確認,claudeの週間制限が昨日から解禁されてそんなに使用した覚えがないのにもう６％使用していた。来週の火曜日までに収まるかな。週間制限のことを考えて気軽にチャットできなくなっちゃった。課金しているのにもう少し制限緩くしてほしい,その他,negative
da8d5d75-ae46-46c2-9af9-c56d96bac494,2025-11-05,興味,6,ChatGPT活用の検討,自分が作成した新体験、挑戦サポートアプリで記録するときにカテゴリ分類をclaudeにやってもらっていたけど次からはchat gptになってもらおうかな。単純だし、答えが明確なので言い方が好きじゃないとか無いし、答えが知れればそれでいいので使用していこうと思う,創作活動,positive
b3bfed31-813d-4c43-b790-663a9a072d53,2025-11-05,興味,7, 新体験、挑戦サポートアプリへの記録,新体験、挑戦サポートアプリに記録を最近やってなかったので記録した。昨日は３つの新しいことに挑戦した。記録して初めて昨日はそんなに新しいことに挑戦していたんだなと気づいた。昨日は時間があっという間だったので新しいことに挑戦したからかな,その他,positive
00b52fde-22bf-4416-ab04-10280e1ef540,2025-11-05,喜び,8, 新居歩美のライブ映像視聴,"新居歩美の所属しているアイドルグループのライブ映像を見た。凄く画質がきれいで推しが可愛い。あと歌も上手で聞いていられる。前に行った地下アイドルは可愛かったけど歌声があまりよくなくて聞いてられなかったからその点新居歩美のグループはみんな上手ですごいと思った
",趣味・娯楽,positive
cb3da46d-6ec4-431f-89c2-a86e92350655,2025-11-05,興味,8,ライブ会場体験の分析,後、動画見て気づいたんだけどライブ会場に直接行って推しを生で見て楽しかったけど会場の空気感が苦手で人が多くて疲れるし、ずっと立っているのがきつい。ライブは推しを生で見たことないから一回は生で見たいということになっていっただけだから直接推しを見てしまって満足したから２回目はいいやとなったんだ,趣味・娯楽,positive
bd9e9d0a-274f-46b0-87f4-354198c4ed07,2025-11-05,興味,8,推しの楽しみ方の自己理解,自分は推しの可愛い顔を見て癒されるということだから直接見ようが動画で見ようが顔が見られれば自分は満足するんだなという事に気づいた。あとライブ２回目がいいやとなった理由がライブ会場だと顔は観れるけど後ろのほうだったからたまに見えなくなる時ある。動画で見ると推しの顔がはっきり見えるし、画質がとてもきれいなので凄く癒される。リラックスした状態で見れるという点も素晴らしい,趣味・娯楽,positive
20fd53f4-81b3-47f6-ada7-b51e9f2284d2,2025-11-05,興味,8,過去のライブ体験との比較分析,"多分、自分はライブの会場は一回行けば満足で自分一人だったら動画で推しを見てるのが好きなんだなという事に気づいた。２～３年前に日向坂のアイドルグループにハマっていたときは凄くライブに行っていて多分５回ぐらい行っていて終わるたびにライブ行きたいとなっていたしライブ好きなんだなと思っていたけど仲が良い友人とライブに行くのが好きで感情を共有するのが良かったんだなと気づいた
",趣味・娯楽,positive
da307d84-a4a7-43fd-b306-80a1e42981a7,2025-11-05,満足,7,ライブ参加の結論,"だから今回のライブは一人で参加して感情を共有する相手がいなかったのでそれなら今後はライブ参加じゃなくて家でリラックスして推しの可愛い顔を動画で見ればいいやとなったんだ。自分の中で腑に落ちた
",趣味・娯楽,positive
185325d5-fa0e-4664-99ae-00b9c59b8e77,2025-11-05,興味,6,今後のライブ参加方針,"なので推しがたくさんいるけど１回は直接見たいという気持ちがあるので１回目はライブに参加してそれからは家で動画見ることになるかも
",趣味・娯楽,positive
1b92a4ef-f908-4923-b403-8f7bf3a81a80,2025-11-05,興味,6,ニアジョイのライブへの期待,今月末にニアジョイのライブを１人で参加するけど満足するのかな。今のところもういいやとなる可能性が高いけどニアジョイは曲も結構聞いているのでもしかしたらライブまた行きたいとなるかもしれない。それは行ってから実際に自分が何を考えるのかを楽しみにしよう,趣味・娯楽,positive
152a5337-b803-458f-bdb9-3479c60dea12,2025-11-05,興味,8, 新居歩美への好意の理由分析,"あと新居歩美の顔を見て気づいたんだけどなんで好きなんだろうなと考えていたら橋本さんに髪型が似ていて雰囲気が凄く似ていて橋本さんに重ねてみていたんだだから目を惹かれたんだなと気づいてしまった
",趣味・娯楽,positive
ed5df2b6-a537-4a11-9814-af5678dff4f1,2025-11-05,喜び,9,飯田橋案件の1次面談合格通知,"飯田橋の案件の面談が昨日だったけど１回目の面談は合格だった。落ちたと思っていたのでめっちゃうれしい。やったー
",仕事・勉強,positive
c09df9c9-be16-472f-8da5-44dc7de620d1,2025-11-05,希望,8, 2次面談への期待,: 次の面談に合格すれば参画できる。次の面談が明日で対面の面談になるらしい。少しだけ希望が見えてきた。ここの案件に参画できれば平日の時間固定だし週の半分はリモートだし、飯田橋だから電車で８分くらいだし理想の条件だ。ここで働きたい。明日の面談頑張ろう,仕事・勉強,positive
2e812f4c-9499-4cca-8b01-bd5c17cb9a38,2025-11-05,罪悪感,7, 朝のスタートダッシュ失敗,朝のスタートダッシュ失敗した。ムラムラする,その他,negative
ba78be7d-708e-4305-a718-0754cc52f06d,2025-11-05,不安,6,就寝習慣の見直し,最近ベットで携帯を使用することが多いので今日は２２時になったら布団に入ってすぐに寝よう。でも今日、昼寝をしたので寝れるか不安,休息・リラックス,negative
5c2ed1c3-254e-4d0a-b773-6202f78c1064,2025-11-05,誇り,6,スーパーへ買い出し,スーパーに買い出し行った。偉すぎる,その他,positive
dc044574-da27-4580-8f29-b40dad338787,2025-11-05,喜び,7,投資信託の確認,投資信託を見た。+2000になっていた。嬉しい,その他,positive
b7de2293-cfe9-42a7-9c23-bf68d822248b,2025-11-05,興味,5,髪型の検討,前髪が邪魔。今後はセンターパートにしようかな,その他,positive
cde247ac-407d-487c-95ba-9b0d71e6ed64,2025-11-05,退屈,8,孤独感,なんか退屈だな。このまま一人だと気が狂いそう,その他,negative
65e8d512-b579-40a6-a47d-b8ef82f119eb,2025-11-05,興味,6, マッチングアプリ開始,無料のマッチングアプリ始めた。無料だから全然マッチしない,その他,positive
fb6d4a3f-c6e1-46f8-a37f-858da77d1252,2025-11-05,悲しみ,6,マッチング後のやり取り,一人マッチしたけど返信来なくなっちゃった,その他,negative
93f265c2-b9ff-46a4-8257-cc0723d7bab1,2025-11-05,恐れ,6,デートに誘えない,"前にマッチしたときになるべく早く誘おうと思ってたけど今回も、怖くて誘えなかった
",その他,negative
f765a513-2084-40df-b050-9beb788b977b,2025-11-05,混乱,6,アプリへの取り組み方の迷い," やっぱりまだアプリ始めるのは早かったかな。めんどくさいという気持ちがまだ大きい
",その他,negative
fc6b8d7a-aaf9-4099-bf2e-82dd208f7d6a,2025-11-05,恐れ,8, 性経験のなさへの不安,あと、女性関係で自分が自信がないのは女性と性行為の経験がなくてそこが自分の中で自信がなくていざ、そういうことになったときに25歳なのに性行為の経験ないのと思われるのが怖い。多分、ここの経験を積めればもう少し積極的になれると思うけどどうなんだろう,その他,negative
f9ff8f9c-49d8-44b3-8021-7a46dc2c4857,2025-11-05,退屈,7,新しい関係構築への抵抗,また１から関係を構築するのがめんどくさいな,その他,negative
69595147-070a-4a5c-b981-898716ad16a6,2025-11-05,恐れ,8,核心的な気づき,いや違うな。傷つくのが怖いだけだな,その他,negative
386baf5c-6dec-4b54-b43d-58fa368f9ba2,2025-11-06,不安,7,睡眠スコアの確認," 睡眠計測アプリでの快眠スコアが53.1pointsでここ最近で一番悪かった。中途覚醒も13だったし睡眠の質が悪すぎた。昨日は何も疲れるようなことをせずに家でダラダラしていたから睡眠の質が悪かったんだと思う。夢もたくさん見た
",休息・リラックス,negative
79286ea8-e1dc-4107-b7c4-670aeede92e1,2025-11-06,興味,5,夢の内容,前に好きだったoさんが出てきて仲良くしている夢を見た,休息・リラックス,positive
f2755873-91a3-412e-b150-7dcfab4b1a19,2025-11-06,喜び,8,ニアジョイの山田杏佳の写真を見る,ニアジョイの山田 杏佳がめっちゃ可愛い。今まではかわいいとか思ったことなかったけどいい推しの日でポストしていた写真が可愛すぎて推しになった。めっちゃ可愛い,趣味・娯楽,positive
ca50a667-1a68-4e68-8756-248af8aea0a2,2025-11-06,誇り,6, 風呂の髪の毛を捨てる,風呂の髪の毛捨てた。偉い,その他,positive
f591ad7d-8690-4752-a1e4-5cc0c4dfff16,2025-11-06,満足,7,ひなちゃんとお揃いの服を処分,ひなちゃんとお揃いの服を捨てた。俺は前に進んでいく。ひなちゃんと付き合えてほんとに楽しかったと心の底から思える。後悔はない。嫌いにもなってない。自分が初めて付き合った女性だから幸せになってほしい,その他,positive
74ea0d94-dd86-49a8-aa91-3c0e1751b701,2025-11-06,退屈,5,図書館の本の返却を思い出す,新宿の図書館で借りた本。今日までだ。返さないと。めんどくさいな,その他,negative
6be3cacf-e371-431a-9bae-e02ce9f7aba2,2025-11-06,満足,6, 部屋の片付け, 部屋の片づけをした。少しだけすっきりした,その他,positive
547a327e-f988-4530-b7db-3cc9d8e3f666,2025-11-06,楽しさ,7,加藤純一の動画を視聴していた,"加藤純一のシャインポスト Be Your アイドル！の実況動画をみた。同じ曲を2曲連続でライブやっていてそのことを笑ってこれはファンが怒るわと言っていて配信者が笑っていて面白かった
",趣味・娯楽,positive
23d90ba9-085e-4513-9e4a-d28297d740ef,2025-11-06,喜び,7,加藤純一の動画を視聴していた,アイドルのバレンタインイベントがあってアイドルが可愛かった。照れていて可愛かった,趣味・娯楽,positive
55f6718e-0f6d-49ce-8c10-29be22617541,2025-11-06,誇り,7,会社のトークへの返信,"久しぶりに会社のトークを開いた。対応が残っていたけどすべて返信した。偉すぎる
",仕事・勉強,positive
c96a4ef7-5b97-40c5-ab7d-cccb78437126,2025-11-06,喜び,7,新居歩美を見る,新居歩美が可愛い,趣味・娯楽,positive
ba098480-85ed-4bdc-8670-63d9eb98b13d,2025-11-06,誇り,7,プールへ行く,めんどくさいけどプールに行った。300m泳いだ,運動・健康,positive
8b5a9588-b9b3-4775-a4e4-6ca66dc216b7,2025-11-06,満足,8, 泳ぎの改善を実感,"いつもより速く泳げた。今日、泳いだら手の感触がいつもより水をかきだしている感触がしていつもよりも推進力があった。なので今日は25ｍはいつもより少ない息継ぎが2回で行けた。後半のほうになってくると疲れが出て息継ぎが2回以上だったけどこれからもっと体力付けて頑張っていきたい
",運動・健康,positive
477f9d38-9817-4576-ae5a-37cc08028ac9,2025-11-06,興味,6,ジョギングしている二人を見る," 2人の男の人が話しながらジョギングしてて俺も5年前とかは話しながらジョギングしてたなと懐かしい気持ちになった。あの時は家が近かったからすぐに集まれて良かったな
",運動・健康,positive
06539768-45ca-45d2-9e36-859591600617,2025-11-06,疲労,6,プール後の疲労,プールでの疲労がすごい。眠くなってきた,運動・健康,negative
5fd8fdac-b96a-4453-bb4f-142f8945d14a,2025-11-06,リラックス,6, 冷水シャワー, 冷水シャワーやった。気分がシャッキとする,その他,neutral
a11ca9c7-65cb-4707-b870-31fc27e5ff69,2025-11-06,希望,7,髪型セットと面談への意気込み,髪型をセットした。今日の面談頑張るぞ,その他,positive
0f47bd51-3a6f-4515-9d2b-1219faa4ab6c,2025-11-06,不安,8,面談前の緊張,面談緊張する。絶対に行きたい案件だから失敗できないというプレッシャーになって緊張してるんだと思う,仕事・勉強,negative
427e2c80-731f-46c2-ba7e-8e347bcdd4fb,2025-11-06,希望,7,自分への励まし,落ちる時は落ちるんだから気楽に行こうぜ。頑張れ。負けるな。受かる気で強気で行け。スキルで足りないんだからコミュニケーションと人柄で勝負しろ。笑顔で話せ。俺なら大丈夫,仕事・勉強,positive
baec53f4-65d5-44b5-9546-2234938ee37d,2025-11-06,不安,7,面談会場への移動,飯田橋で降りて会場に向かった。徒歩2分くらいと書いてあったので向かったら東西線から外に出る出口がめっちゃ遠くて時間ギリギリだった。汗かきながら歩いた。時間には間に合ったので良かった,仕事・勉強,negative
13263a78-6253-4659-97cb-67e85d8c929b,2025-11-06,満足,7,面談の実施,面談だった。綺麗な職場だった。面談始まる前に結果は本日中に分かると言われて早めに結果を知れるのはありがたいと思った。面談が始まって凄く緊張して最初はうまくしゃべれなかったけど後半のほうは話せた。面談の質問にもしっかり答えられたのでよく頑張った。あとは笑顔で明るい感じで話せたのでまじでよく頑張った,仕事・勉強,positive
a824aef5-6fcb-40c0-b527-a1f130be2f64,2025-11-06,不安,9, 結果待ち,"面談が終了して自分だけ退出して結果待ちの状態になった。10分くらいだったけど凄く時間が長く感じた。緊張する。落ちてたらどうしよ。絶対に受かりたいな。頼む。ここで働かせてくれ
",仕事・勉強,negative
8318fafe-fbe3-41f1-90ed-b6b1d7c296c5,2025-11-06,安心,7,エレベーターでの会話,エレベーターで担当の者と会話した。緊張しました？と言われてめっちゃ緊張しましたって言ったら確かに最初は凄く緊張している感じだったけど最後のほうはリラックスしている感じで受け答えできてましたよと言われてちゃんと会話出来てよかったとなった,仕事・勉強,positive
860b16a8-3e80-4256-a5ce-9c43c22a0efd,2025-11-06,喜び,10,面談合格通知,結果は合格した。担当の人から営業のほうには報告するとは言ってくれた。早くて11月24日ぐらいからで遅くても12月から働き始めてほしいと言われた。メッチャうれしい。ほんとにうれしい,仕事・勉強,positive
53ac0655-fe08-45bf-9d1a-51d0ddcaae75,2025-11-06,喜び,10,案件の理想的条件への喜び, 時間が固定だし、土日休みだし、夜勤ないし、飯田橋で家から近いし、リモートワークが週の半分あるし、自分のスキルアップにつながりそうな案件だしほんとにうれしい。夜勤ないことと、リモートワークが週半分なのがめっちゃうれしい。よかった,仕事・勉強,positive
15afdf97-9f48-401f-bad4-1dbcc45423c0,2025-11-06,喜び,9,友人に電話して喜びを共有, 嬉しすぎて今すぐ誰かに話したい気持ちになって友人に電話かけた。友人が電話に出てくれて駅にはついてたけど電車だと話せないし5キロぐらいで頑張れば歩ける距離だったので歩きで帰った。友人と電話していきたい案件に合格したことを言ってちゃんと聞いてくれたので自分の話したい欲が収まったので話を聞いてくれてとても感謝している,家族・友人との時間,positive
2bc7ac26-a57d-408d-b66d-125f9b6dac03,2025-11-06,楽しさ,8,友人の研修の話を聞く,あとは友人の仕事の研修があったらしくてその話を聞いていた。研修にかわいい子がいたらしくて写真見せてもらったけどとてもかわいかった。緊張して話せなかったといっていて面白かった,家族・友人との時間,positive
ed7611d6-a10a-4ef0-a248-3f699022d0f2,2025-11-06,楽しさ,8,友人との会話（大人っぽさの話）,あとは大人っぽい人にはなるにはどうしたらいいという話になってアウターと髪型で前髪を上げるのがいいのでという結論になった。そのいろいろ議論している時間も楽しかった,家族・友人との時間,positive
ce977569-6285-4f28-aca0-ac07df6d21de,2025-11-06,楽しさ,8,友人との会話（住む場所の話）,あとは、将来埼玉に住むべきか東京に住むべきかという議論になって最終的には埼玉という結論になった。飯田橋の案件で埼玉の大宮から45分くらいで到着するらしくてそこら辺に引っ越しでもいいなと思った,家族・友人との時間,positive
521b4182-6996-4249-b42c-d9372658cef6,2025-11-06,楽しさ,9,友人との長電話,"あとは色々くだらない話をしてめっちゃ楽しかった。久しぶりに話したので3時間ぐらい電話していたけど時間があっという間だった
",家族・友人との時間,positive
cd9f3d88-41a2-49af-a054-448516e0a86f,2025-11-06,疲労,6, 5キロの徒歩,革靴で5キロ歩いたので足がパンパンだ。こういう時にお風呂に入りたくなるけど今の部屋はシャワーしかないから湯舟ほしくなるな,その他,negative
ba756537-9624-4335-bed0-4cf43edb4fd9,2025-11-06,喜び,9,一日の振り返り,今日は行きたい案件に合格できたのですごくいい気分だ。嬉しい,その他,positive
bf169ef9-aea7-4bbd-ba85-93ca3dd40f7d,2025-11-06,誇り,7,入浴,風呂も入るのめんどかったけど頑張って入った。偉すぎる,その他,positive
e41e7deb-c7e7-4e02-81d4-b2b3a5b94e33,2025-11-07,興味,6, 友人と遊ぶ約束, 友人から電話あって白岡で遊ぶことになった。時間がなかったので急いで支度した,家族・友人との時間,positive
09a074ff-0ab6-4467-b14f-184cbf451957,2025-11-07,満足,6,髪型セット," 髪セットしたけど最初は上手くいかなかったけど最後は満足する様な出来になったので良かった
",その他,positive
a5cdb1b2-41de-4663-9641-6c70d332dd2a,2025-11-07,満足,6,電車移動,白岡までは電車で1時間ぐらいだったけど座れたので良かった,その他,positive
82644a05-85ca-4af9-9b9c-e2eb28260641,2025-11-07,満足,6, 電車での読書,"途中で携帯の速度制限が来たので読書してた。こういう機会が無いと読書できないので良かった
",趣味・娯楽,positive
cb4b0295-13ba-4e43-bc4b-f09a6d6874b8,2025-11-07,退屈,5,友人を待つ,着いて友人が迎えに来る約束だったけど遅れて15分くらい待った。暇な時間も読書してた,家族・友人との時間,negative
1e79bb86-8d88-40f1-81fc-10a1919ef2c2,2025-11-07,興味,8,友人の家を訪問, 友人の1LDKの家に初めて入った。めっちゃ綺麗で広くて羨ましかった。キッチンが広くて料理するのが楽しそうだなと思った。寝室が別にあるのはいいなと思った。自分の狭い部屋とか大違い,家族・友人との時間,
8942e285-2a79-45d9-9502-70c6beebc98b,2025-11-07,喜び,7,高校サッカー観戦,高校サッカーを見てた。得点シーンを見てた。パスワークがすごく上手くて興奮した。思わず上手いと言葉に出てた,家族・友人との時間,
11ab3c78-6607-4437-aee8-8d91a6c46147,2025-11-07,楽しさ,8,ドライブ,そこから1時間半ぐらい友人が運転でドライブに行った。ドライブは周りに人が居なくてプライベートな空間なので好き。1時間半ぐらいずっと話してた。面白かった,家族・友人との時間,
a6b242b9-efd6-471e-bf7b-651a0edcbc52,2025-11-07,退屈,6,友人の買い物待ち,そこで友人が靴見てて1時間ぐらい見てて長かった。自分は座る場所あったので座って読書してた。1時間ぐらいで自分が待ってるのが退屈だったのでもう行こうと言ってご飯食べに行った,家族・友人との時間,
320ad35f-5453-47fa-9e03-b006cd46f52a,2025-11-07,興味,6,うどん屋で食事,うどんを食べた。明太醤油麺を食べた。あんまり美味しくなかったけど食べたこと無かったけど挑戦しないと分からない事だったので挑戦してよかった,家族・友人との時間,
91a7b7b6-e348-44bf-972e-ddea8c7c686f,2025-11-07,不安,8,営業からの連絡,ここで営業の人から連絡きた。飯田橋の案件が年収380万円より下がり、現収より低くなると言われた。俺は、年収380万円で働けると思っていたのでびっくりした。お金をとるか、ストレスをとるかすごく悩む。現職より低くなるけどリモートワークがあって通勤時間短くなるし、でもお金も欲しいし、まじで悩む。今より年収低くなるなら転職した意味ないしな。あーまじでどうしよう。とりあえずちゃんとした年収を聞こう,仕事・勉強,
29a72c20-ebb9-4c62-83fc-845907ef75b0,2025-11-07,楽しさ,7,再度のドライブ,またドライブで1時間15分くらいやってた。ドライブだと落ち着いて話が出来るので話に集中できる環境なので色々、くだらない話をした。面白かった,家族・友人との時間,
4eae1be1-95c4-41b8-bf69-5250d8a03556,2025-11-07,悲しみ,9,案件取り消しの通知,営業から返信が来て年収320万で飯田橋の案件考えてたらしい。流石に320万円は低すぎる。そして、今回の案件の話はなしと相手から回答が来て無くなってた。320万円だと流石にきついので案件の事で考えることがなくなって良かった。年収以外はめっちゃいい案件だったので残念だけど次に向かって頑張ろう,仕事・勉強,
2f23c605-38f3-411f-92f4-98c6f8963c2b,2025-11-07,不安,8, 将来への不安,自分は最初、400万円で内定貰ってたけど400万円で働けるのかな不安になってきた。このまま案件決まらなかったらクビになるのかな。またネガティブな気持ちになってる,仕事・勉強,
fe3d50b0-ad93-468a-bb5f-321e6f0b042d,2025-11-07,悲しみ,8,失った未来へのショック, 飯田橋の案件で働ける未来を考えてワクワクしてたのでそれがなくなってショック。やっぱり資格勉強しないといけないよな。最近、生活リズム狂ってるからちゃんとしないと,仕事・勉強,
7a72a162-ad4b-409f-a258-34f10d6d9178,2025-11-07,安心,7,友人に話を聞いてもらう,友人と遊んでる時に案件が無くなった話を聞いたので話を聞いてもらってそこまでネガティブな気持ちにならずに済んだ。1人の時に聞いていたらもっと自己嫌悪に落ちてたと思うから遊んでるときで良かった,家族・友人との時間,
2baea915-16f1-4973-8bde-c96d22eb3e96,2025-11-07,喜び,9, 友人との一日の振り返り,今日は友人と10時間ぐらい遊んでた。ずっと話しててめっちゃ面白かった。高校の友人とは違うわ。今日は遊んでよかった,家族・友人との時間,
a3c4d69c-d741-407e-b497-66d87addcfa5,2025-11-07,疲労,6, 友人との一日の振り返り, 眠くなってきた。もっと全力で遊びを楽しむために体力つけたいな,その他,
9434fd05-74ca-4673-8385-e8e457469909,2025-11-07,悲しみ,9,一人になってからの落ち込み,やばい。心が折れそう。きついな。1人になるとネガティブな考えが思い浮かぶ。今、俺はネガティブな考えになってる,その他,
4a2a543f-7ea4-456f-9e19-bb8e63b33e0a,2025-11-07,平静,6,自分への声かけ,落ち着け。ネガティブなことを悪いことと思うな。ネガティブに良いも悪いもないんだ。ただネガティブな考えになってるなという事実だけを受け止めろ,その他,
af26db17-d445-494a-aed0-72727b50d9e4,2025-11-07,混乱,8, 風俗への衝動,めっちゃ手コキ風俗行きたい。このネガティブな気持ちを手コキ風俗で発散したい。今、赤羽だから新宿まで1本で行けるんだよな。どうしよう。でも、お金もったいないよな,その他,
52df2b7c-20c3-491b-82ae-6ce408dfebb4,2025-11-07,悲しみ,7,叫びたい衝動,外寒くなってきたな。すごく叫びたい気分,その他,
afe6b726-3765-4c1c-a440-2480a9edd2cf,2025-11-07,悲しみ,7,風俗へ向かったが閉店風俗へ向かったが閉店,"結局新宿で降りて手コキ風俗に向かった。けど時間が遅くて今日はもうおしまいと言われたので行けなかった。めっちゃ行く気満々だったので残念だった
",その他,
d14c907a-0cca-4981-8df2-b68cbab6e288,2025-11-07,平静,5,ポジティブな捉え直し,でもプラスで考えるならお金の無駄使いが減ったってことなので良しとしよう,その他,
aa7f3f2b-0744-4f19-8b02-cac68e3b4cf4,2025-11-07,罪悪感,9,AV視聴,家に帰ってめっちゃＡＶ見たい気持ちが収まらなくて見てしまった。飯田橋の案件がなくなってその落ち込んだ気持ちをＡＶで解消しようとしてみたけど結局ネガティブな気持ちになった,趣味・娯楽,
b9ab3408-0507-43f2-91c3-93c3fe81dd12,2025-11-08,疲労,8,起床時の状態,"昨日はＡＶを深夜に見て髪セットしたのに風呂入らずに寝たので寝起きがめっちゃ悪かった。最近はずっと睡眠計測アプリをセットしてたけどだるすぎてセットしてなかったので感覚でしか分からない。今日は11時に起きた。めっちゃ遅い。しんどい
",休息・リラックス,
388c5e0f-45bf-4156-9428-4662dd3cf5ba,2025-11-08,リラックス,7,冷水シャワー,起きてすぐに冷水シャワーを浴びたので気分がすっきりとして頑張らないとという気持ちになった,その他,
30b4fe27-250f-4c8b-97c0-afe4456d4c34,2025-11-08,誇り,6, 洗濯開始,朝から洗濯機を回した。偉すぎる,その他,
e6e33b2b-b5ed-4a4a-a6e4-6f144abae545,2025-11-08,誇り,6,洗濯完了,洗濯終わった。偉すぎる,その他,
ab096b44-a626-4758-a885-c6383339725d,2025-11-08,悲しみ,7,断捨離中にひなちゃんの思い出発見,断捨離していてひなちゃんと一緒に見た映画の特典があって楽しかったなと思い出してしまった。またひなちゃんとの思い出の品が出てきて楽しかったなと思ってしまってつらい。今、全然楽しくないから余計にダメージが来る,その他,
82eb4ed7-bf73-4fcb-a7fe-031f57f21356,2025-11-08,満足,7,断捨離完了,断捨離した結果、ゴミ袋3袋分のゴミがあった。無駄なものがいっぱいあったんだなと思った。結構すっきりした,その他,
f081b9a4-3654-4c86-8009-9b143e339967,2025-11-08,退屈,5,ソファの処分検討,ソファ捨てたいけど捨てるのがめんどくさいな。月1とかだからめんどくさいし、解体のやり方がわからん,その他,
48359e05-3813-4ae3-841a-57d644f4b669,2025-11-08,悲しみ,8,心のモヤモヤ,やばい。心がもやもやする。しんどいな。生きるのつらいな,その他,
c74129cd-ceec-42d7-9b41-b536eef9b051,2025-11-08,悲しみ,8, 11月6日の自己分析,今日、11月6日の自己分析をしていて飯田橋の面談を合格したことで喜びが爆発していてめっちゃ楽しそうで未来に希望を持っている状態だった。その案件の話がなくなったのでその想像していた未来とのギャップで今、結構精神的にキツイ,その他,
50a808cf-9a29-4df6-bb03-7b251ee64131,2025-11-08,誇り,6,: 2日分の自己分析実施,"2日間分の自己分析やってなかったのでやった。えらすぎる
",その他,
9760fcf4-8b13-4d4f-9bcf-04ce0d24dcc2,2025-11-08,興味,7, 昨日の自己分析結果確認,昨日は飯田橋の案件がなくなってネガティブな割合が高いと思って自己分析してみたらポジティブが13でネガティブが12でポジティブなほうが多かった。昨日は友人と遊んでからポジティブな方が多かったらしい。やっぱり自分の人生で大事なのは人とのつながりだなと再認識した,その他,
29d0308d-e788-4328-adb0-f02c1cd704c6,2025-11-08,退屈,6,マッチングアプリの停滞,そういえばマッチングアプリ無料で始めたけど全然やってないな。誰ともマッチしないから話せないんだよな。有料版のマッチングアプリやらないとだめらしいな。マッチングアプリもめんどくさいな,その他,
c5e09fe2-4222-421f-b398-ff7879d6cdc3,2025-11-08,喜び,8, ≠MEのライブ映像視聴, ≠ＭＥのライブ映像を見た。みんなかわいくて癒される。推しが可愛い。声が可愛い。笑顔が可愛い,趣味・娯楽,
8df832c1-e5e1-4b94-aa5e-27fe43247ba2,2025-11-08,喜び,8,新居歩美の楽曲鑑賞," 新居歩美が可愛い。新居歩美が作詞した500年光年の恋という歌詞が好き。いい歌詞。リズムもいい。何回も聞いている
",趣味・娯楽,
968c936b-07e1-4992-8d92-0dc858fefa35,2025-11-08,誇り,7,ジムへ行く, 筋トレやった。よくジムに行った。偉い,運動・健康,
fadcdd7b-06a7-428a-b994-0522b9f090af,2025-11-08,リラックス,6, 筋トレの効果実感,筋トレすると気分が少しスッキリする,運動・健康,
28d5c418-8f35-4ac6-90f4-3906465be344,2025-11-08,喜び,7,背中トレーニング,背中トレーニングやった。ラットプルダウンが前回より回数が増えてたので嬉しかった。次回は重量上げてチャレンジしよう,運動・健康,
928c261e-4937-499e-afcc-b021474f706a,2025-11-08,不安,6,プロテイン購入,"プロティンが無くなったのでAmazonで注文した。プロティン3㎏で8000円のものを購入した。必要だと分かっているけど値段が高い
",その他,
cb83edf4-b036-45c1-8b4b-a08b8acb89cf,2025-11-08,喜び,7,配達の速さに驚き,今日の17時ごろに注文して今日の23時59分までに配達されるらしい。めっちゃ早くてびっくりした。配達員には感謝だね。宅配ボックスに入れておいてほしいな,その他,
522583eb-a4fb-4437-a9d9-09f3d65b31b8,2025-11-08,不安,8,ゴキブリとの遭遇,ゴキブリが足に乗ってきた。ほんとに腹が立つ。まじでむかつく,その他,
46eb8345-4f78-4b88-8a56-845ea1c4a975,2025-11-08,興味,6,10月分の家計簿記録（交通費分析）,0月分の家計簿の記録をした。交通費がいつもよりだいぶ低かった。過去5か月の平均が12365円で今回は8887円だったので低かった。原因ははっきりしていて9月まではひなちゃんと付き合っていて木更津までバスで行っていて往復で3200円とかかかっていたので10月はひなちゃんと別れたのでその費用がなくなりいつもより安くなった,その他,
34a35938-c6aa-46a8-85d7-9cb785810862,2025-11-08,悲しみ,7,交通費削減の複雑な感情,金銭的には楽になったけど付き合っていた当初はそのお金を払う価値がある付き合いをしていたので10月は金銭的には楽になったけど自分の気持ちは悲しい気持ちになった,その他,
d1676299-770f-409e-9907-a0472465e5ea,2025-11-08,満足,6,家計簿記録（健康カテゴリ分析）,健康のカテゴリがいつもよりも高い金額になった。これはマッサージに行ったからいつもより高い金額になった。マッサージに行ったことなかったので体験してみるという気持ちだったのでこのお金は無駄使いとは思わなかった,その他,
c341f16c-c2f4-4a28-89c4-f539088bea58,2025-11-08,満足,6, 家計簿記録（娯楽費分析）,"娯楽費は23067円だった。8,9月は娯楽費が3万円超えていたのでそれに比べたら抑えたほうだ",その他,
b6028d17-7a1a-47b2-9831-6fe6fcf48ef2,2025-11-08,喜び,7,家計簿アプリの改善アイデア,家計簿で無駄使いがなかったか確認するときに入出金エリアを確認しているが家計簿アプリの入出金エリアで過去の入出金を見返すときにカテゴリ事に何にどれぐらい使用したか確認していたがわかりずらいのでカテゴリ事で仕分けして見やすくする機能を思いついた。この機能を後で追加しよう。アプリの不便なところを見つけて便利にする機能が思いついたときはテンションが上がる,創作活動,
3d4a9bd5-47ae-46b1-b306-2b241d5b4bfb,2025-11-08,怒り,7,食洗器の水漏れ発見,"食洗器の下の部分が水がこぼれていた。だるい。なんでこぼれているんだよ。原因が分からないし、今食洗器動いているから移動できないしめんどくさいな
",その他,
9be7274a-452d-40df-8daa-e264641713a0,2025-11-08,誇り,6,水漏れの掃除,食洗器の下に水がこぼれていたものを拭いた。めんどくさいけどよく頑張った。ついでに綺麗になったので良かった,その他,
a6058552-7928-4446-b559-9dcbe29441f3,2025-11-08,安心,6,水漏れ再発しないことを確認,食洗器もう一度使用したら水漏れしてなかった。たまたまだったのかな。とりあえずまだ使用できそうで良かった,その他,
ef4e24f4-9b5c-49bd-9cbd-15cdad3a3d1f,2025-11-08,希望,8,家計簿アプリのカテゴリ仕分け機能実装,家計簿アプリの修正作業をずっとやっていた。なかなか修正できなくて大変だった。カテゴリ事で仕分けする機能は実装できた。これで過去にどれぐらいカテゴリの食費とか何に使用しかとかをはっきりわかりやすく見やすくなったので満足,創作活動,
ede08e01-3490-47f8-97df-dbecfe187b34,2025-11-08,満足,7,並び替え機能の課題確認,"並び替えの機能を実装しようとしたけどまだエラーで実装できてないので明日エラーを修正して実装していきたい。でもとりあえず家計簿で無駄使いがなかったか確認するときに入出金エリアを確認しているが家計簿アプリの入出金エリアで過去の入出金を見返すときにカテゴリ事に何にどれぐらい使用したか確認していたがわかりずらいのでカテゴリ事で仕分けして見やすくする機能という機能はしっかり追加できたので当初不便だなと思っていたものは改善できたので良かった
",創作活動,
53a87afc-fd1f-44f6-9f2c-d59c31d79290,2025-11-08,疲労,6,作業の終了決定,今日はもう疲れたのでここまでにする。家計簿の無駄使いとかの分析もまだ途中だけど明日やる,創作活動,
e3810591-5a00-49b4-9a54-46abf63fc701,2025-11-08,興味,7,作業中の気づき,"家計簿の機能追加の実装しているときはネガティブなことを全く考えなかった。でもこれは現在の問題を先延ばしているだけで根本的な解決に向かっては行動してないんだよな
",創作活動,
ef8340cd-76de-4084-8585-f4a49a8624a8,2025-11-08,不安,7,現在の状況整理, 現在の一番の問題が職場が決まってないこと。自分の転職先の会社はちょっと雇用形態がややこしくて大元の会社には内定貰っていてそこから正社員型派遣なのでまた派遣先の案件で面談をしてそこでOKがもらえれば働ける。案件によって年収と勤務形態と職務内容が変わるので今はこの案件の面談を待っている状態だ。とりあえずはやく案件決まってほしい。なので現在は転職活動は終わっていておおもとの転職先の営業から案件の紹介を待っている状態だ。てことは今、自分でできることは資格勉強ぐらいだな,仕事・勉強,
19be8792-7da8-4a59-a6ee-4bb7ac9d765c,2025-11-08,満足,7,一日の振り返り, 昨日は凄く落ち込んでいたけど今日はそんなにネガティブな気持ちになってないと思う。断捨離して気分がすっきりしたのか筋トレですっきりしたのかわからないけどポジティブな方が多かったと思う,その他,
0b9d6536-bf2d-43e1-98cb-1528beac0ac1,2025-11-08,誇り,6,料理,": 料理めんどくさいけどやった。偉すぎる
",その他,
fafa7140-3de1-4e6b-ae86-e7ac62e34063,2025-11-08,満足,7, プロテイン到着確認,今日頼んだプロティンがもう届いてた。宅配BOXがあったのでそこに配達してもらった。対応しなくていいのはほんとにありがたい,その他,
85c70f7a-2d35-460d-9da9-20057f7844b5,2025-11-08,楽しさ,8, 漫画を一気読み,湯神くんには友達がいない全巻無料だったので一気見した。16巻分あったけど面白くてずっと読んでた。読め終わったのが6時になっちゃった。ヒロインの女の子が可愛かった。主人公とヒロインの恋人ではないけどお互いが少しいい影響を受けて成長していくのが良かった,趣味・娯楽,
df57839d-a7f6-45c2-a0e3-cc0befea7aad,2025-11-09,誇り,6, 11時に起床,起きたのが11時だった。昨日は漫画を一気見したので寝るのが遅くなり起きるのが遅くなった。でも午前中に起きただけでも自分は偉い,休息・リラックス,
b0548cd6-9dc3-4028-aa4e-24db4630feff,2025-11-09,満足,8,家計簿アプリの並び替え機能完成," 昨日途中にしていた家計簿アプリの修正作業が終わった。並び替えの機能が正しく機能した。満足。これでさらに使いやすくなる。ここから無駄使いの分析しよう
",創作活動,
bf8424fc-5335-4a0f-ab92-55edc075acb4,2025-11-09,満足,7,娯楽費の分析（友人との食事）,娯楽のカテゴリで無駄使いがないか確認していた。友人とのごはんが多くて8000円ぐらい使用していた。でもこの金額は自分にとっては友人との付き合いが自分の人生を豊かにしてくれるものなのでこの出費は削れない,その他,
c754bb34-58bd-4821-8f7c-f825701e01f0,2025-11-09,満足,6, 娯楽費の分析（カラオケ）, 1人カラオケで1200円使用した。これは自分のストレス解消になっていたので無駄使いではない。娯楽を見た感じ、使用して後悔するようなお金の使い方をしていなかった,その他,
fca8714a-26c0-4147-85c7-7a3d6692c53c,2025-11-09,満足,7,家計簿分析（枕購入の評価）,"先月は枕を購入したのであまり貯金ができなかった。枕は自分の睡眠にとって大事なものなので使用して後悔はしてない。18000円の黒字にはなったのでよかった
",その他,
ddeeb0db-f2f1-4dec-962c-2eb9156a5bde,2025-11-09,誇り,6, 炊飯器を洗う,炊飯器洗った。偉すぎる,その他,
7742ccaa-4606-41f9-8028-98f0c75716e1,2025-11-09,誇り,7, 昨日の感情自己分析," 昨日の感情自己分析をやった。ポジティブが27でネガティブが10だった。昨日はポジティブなほうが多いなと思っていたので予想通りだった
",その他,
67133a1b-4659-47c3-87d9-bfdad7131399,2025-11-09,興味,6,ポジティブ割合の確認, 記録する前はポジティブの割合55%だったのでどれぐらい割合増えるんだろうなと思って記録したら55.2%だった。思っていたよりも割合が増えなかった。けどポジティブの割合をこの調子で増やしていきたい,その他,
239c1f55-44bd-4434-97cd-c35d544c902d,2025-11-09,興味,6,実家の猫を思い出す,実家の猫に会いたいな。実家帰るのめんどくさいけど。筋トレやるか,その他,
e5bc0c85-049f-4eb4-a831-9671f75f4615,2025-11-09,興味,6,実家の猫を思い出す,実家の猫に会いたいな。実家帰るのめんどくさいけど。筋トレやるか,その他,
03766b83-bd55-41ae-875e-f0113c46c276,2025-11-09,興味,7,漫画から学び（言語化の重要性）,"湯上君には友達がいないという漫画を読んだ。自分の気持ちが分からないときは繰り返し紙に書いて言語化するということが書いてあって確かにと思った
",趣味・娯楽,
0e0d1c69-1157-46d5-82cd-4bdb3c9c15bb,2025-11-09,興味,7,漫画から学び（自己受容）, 漫画で「まずは自分を大切にしてくださいじゃないと他人を大切にできない。自分の一番の味方になれるのは自分」というセリフがあって確かにと思った。自分が満たされているときは他人に親切にできるけど余裕ない時はできないっていうのはめっちゃわかる,趣味・娯楽,
5626f04c-d618-4b7b-8672-3f9535a0f65c,2025-11-09,興味,8, 橋本さんに連絡したい理由の深堀,なぜ橋本に連絡したいのかという事を深堀していた。自分の出した結論は自分の中で気持ちを伝えずに後悔したので気持ちを伝えて、結果がどうであろうと現在思っていることを伝えて後悔を解消したい,その他,
9319c016-fdba-48ae-add1-c084a4a6a46a,2025-11-09,興味,8,AIによる分析結果への納得,AIに分析してもらった結果でなるほどなと思ったことは橋本さんが「付き合おう」と言ってくれたのに断った後悔と現在の孤独を埋める希望としての橋本さんと自己成長の証明としての再挑戦ということはすごく納得した,その他,
8bef1bde-61e6-47aa-a019-ad2a70cc473d,2025-11-09,罪悪感,9,AV視聴,AVを見てしまった。またやってしまった。朝のスタートダッシュ失敗するとすべてがだめになる。つらい,その他,
d5770d02-c708-42db-9e5b-8e153ee7e3f1,2025-11-09,楽しさ,7,加藤純一の動画を視聴していた,シャインポスト Be Your アイドル！の実況動画を見た。アイドルの子がメンタル不調になっているときにみんなにグループの精神的支柱と言っていてグループの精神的支柱がたくさんいて面白かった,趣味・娯楽,
d33a5268-defc-4415-8949-884a08a71e42,2025-11-09,喜び,7,加藤純一の動画を視聴していた,ライブ映像を今まで少しカットしていたけど今回の実況動画からフル映像になっていてよかった。ライブ映像見るのが好きなのでよかった。俺も一緒に歌っていた。テンション上がった,趣味・娯楽,
e92c612d-6783-4387-8ac7-a7fc01de42bb,2025-11-09,喜び,8,加藤純一の動画を視聴していた,最初アイドルで自信がなかった子が自信を付けてセンターを堂々とやっていたところが凄く感動した。俺も頑張ろうとなった,趣味・娯楽,
79d7f4f6-1a4d-412c-be6e-073a0e742ba3,2025-11-09,喜び,8,加藤純一の動画を視聴していた, 絶対王者チェコレートという曲が凄く盛り上がっていて俺も気分が高揚していた。歌っている人の声がめっちゃかっこよくてよかった。俺も楽しく見てた,趣味・娯楽,
6d016cb0-9e96-46db-bf6f-3aff3b57a344,2025-11-09,喜び,8,新居歩美のライブ映像視聴,新居歩美のライブ映像何回も見ている。可愛い。曲もいい,趣味・娯楽,
12350244-ea93-43a4-bd11-e4977fc1991d,2025-11-09,誇り,7,夜の入浴,風呂に入った。最近は朝起きてから風呂に入っていたので夜風呂入ったのは偉すぎる,その他,
